1,下列何者不是金融市場的主要功能？,4,提供金融工具交易的場所,擔任資金需求者與供給者的橋樑,促進投資活動的效率，提升經濟發展,提供交易者投機的場所
1,下列何者不是金融市場交易的工具？,4,商業本票,銀行存款,股票,房地產
1,當金融市場管理的品質較佳時，企業發行的成本會，金融工具的流動性會。,3,較低，較低,較高，較低,較低，較高,較高，較高
1,當企業需要資金來進行投資，最好不要用下列何種方式尋求融通？,4,向銀行借錢,發行股票,發行債券,向地下錢莊借錢
1,下列何者不是近年來國內主管機關管理金融市場的發展方向？,3,減少法規的限制,鼓勵金融創新,對國外資金進行更嚴格的限制與管理,加強國際金融的流通
1,在金融市場中主管機關訂定法律規範的目的在於：,2,增加政府的收入,促進金融市場健全發展與有效經營,增加金融機構的進入障礙,提高金融機構的經營成本
1,目前國內監理銀行、票券、證券及保險等金融機構的主管機關為：,3,財政部,內政部,金融監督管理委員會,經濟部
1,依照國內金融監督管理制度的架構，主管證券相關事業的監理單位為：,3,銀行局,保險局,證券期貨局,檢查局
1,依照國內金融監理制度的架構，主掌金融業檢查業務的單位為：,4,銀行局,中央銀行,中央存款保險公司,檢查局
1,下列何者非隸屬「金融監督管理委員會」？,2,銀行局,公務人員退休撫卹基金管理委員會,證券期貨局,檢查局
1,下列何者不屬證券期貨局監理的機構？,4,投信公司,期貨公司,證券商,保險公司
1,下列何者不是檢查局業務檢查的機構？,4,保險公司,銀行,證券公司,金融資訊服務公司
1,下列何者非政府管理金融市場的措施?,4,訂定金融機構的資本適足率,金融檢查的立即糾正措施,訂定金融機構呆帳準備的提列,限制存款戶的存款金額
1,下列何者非次級市場交易？,3,個別投資人透過他的經紀商買入中鋼公司股票,機構法人透過它的經紀商出售一些台積電股票,台塑公司透過承銷商發行新股,上述均為次級市場之交易
1,下列那個市場主要是買賣已發行流通的證券？,4,發行市場,現貨市場,初級市場,次級市場
1,公司債在以下何種金融市場交易？,3,貨幣市場,同業拆款市場,資本市場,歐洲美元市場
1,資金需求者以發行證券方式來向大眾募集資金者稱為：,1,直接金融,間接金融,再融資金融,機構金融
1,下列何種金融市場可以提供企業短期的資金融通？,1,貨幣市場,資本市場,初級市場,次級市場
1,資金需求者可以在何種金融市場發行中、長期的證券來募集資金？,2,貨幣市場,資本市場,流通市場,次級市場
1,證券自營商主要從事何種業務？,1,自行買賣有價證券,受他人委託買賣證券,包銷公司所發行之證券,代理證券結算交割
1,承銷商在初次公開發行市場所扮演的主要角色為：,3,為其本身的投資考量，購買所有證券的發行量,針對單一大額法人機構投資資金,對多位投資者宣傳並募集資金，使發行總額銷售完,提供大額投資者融資融券
1,證券經紀商所扮演的角色為：,3,對新發行的證券提供評估的價格,根據其本身持有特定證券的部位進行買賣造市,受理委託執行買賣雙方之間的交易,以本身的帳戶來買賣證券
1,台灣證券交易所按組織類型乃為下列何種市場？,1,集中市場,自營商交易市場,店頭市場,發行市場
1,下列何者非屬專業銀行？,3,工業信用銀行,中小企業信用銀行,商業銀行,輸出入信用銀行
1,下列何者非為投信公司之業務？,4,發行共同基金,代客操作,全權委託投資,收購委託書
1,下列對於金融控股公司的描述何者為非？,4,結合銀行、證券、保險等相關行業,提供客戶一次購足的多元化服務,控股公司旗下金融機構的關係平等，與綜合銀行之組織型態不同,母公司可以非金融產業公司主導
1,證券金融公司的業務下列何者為非？,3,對客戶的授信,對證券商的轉融通,結算交割,融資融券
1,對證券投資顧問公司的服務需求，若以台灣的市場狀況來看，下列何者非為可能的原因？,4,散戶投資人占多數,投資事業的專業分工,一般投資人缺乏廣泛且精確的資訊,可以聯合炒作股票
1,目前集中市場、櫃買市場之結算交割作業，以及有價證券的保管，乃委託下列何者機構辦理？,1,台灣證券集中保管結算所,櫃檯買賣中心,台灣證券交易所,證券商
1,下列何者不屬於資本市場?,4,股票市場,公債市場,公司債市場,商業本票市場
1,下列何者非屬金融監督管理委員會之職掌?,3,票券市場之監督,保險市場之監督,稅改,金融檢查
1,下列何者非屬次級市場的功能?,2,提供投資人調節其證券投資組合的場所,提供投資人認購新發行證券的場所,提供投資人變現其證券的場所,有助於初級市場的發展
1,下列何者非屬於金融體系的一環?,4,銀行,台灣證券交易所,公司債,飾金買賣
1,目前台灣股市的交易方式以何者為主?,2,電腦輔助交易,電腦自動交易,人工喊價交易,場外交易
1,下列何者不是貨幣市場的信用工具？,2,商業本票,公司股票,可轉讓定期存單,銀行承兌匯票
1,下列何者不屬於衍生性金融商品？,3,股票選擇權,債券期貨,組合式股票基金,利率交換合約
1,下列何者不是金融市場所提供的主要功能？,2,提供公司融資的管道,提供投機的環境,提供避險的管道,促進經濟的發展
1,有關金融市場的種類，下列何者正確？,1,長期資金市場（資本市場），主要供應一年以上的中長期資金,次級市場，是新證券發行的市場；它可以增加公司資本,初級市場，是已經發行、處在流通中的證券的買賣市場,貨幣市場是長期資金市場
1,金融市場按業務活動期限劃分可分為哪幾種市場？,1,貨幣市場和資本市場,現貨市場和期貨市場,初級市場和次級市場,地方性金融市場、國內性金融市場、國際性金融市場
1,金融市場按地域範圍可分為哪幾種市場？,4,貨幣市場和資本市場,現貨市場和期貨市場,初級市場和次級市場,地方性金融市場、國內性金融市場、國際性金融市場
1,金融市場較常見的一種分類是分為短期資金市場和長期資金市場。短期與長期的劃分通常以多久時間為準？,3,3個月,6個月,1年,2年
1,下列何者屬於短期資金市場？,1,票券市場,債券市場,基金市場,期貨市場
1,下列何者非屬台灣貨幣市場投資工具？,2,國庫券,歐洲美元借款,銀行承兌匯票,商業本票
1,證券買賣雙方或他們的經紀商(Broker)在一個集中的交易場所利用人工或電腦撮合進行交易所形成的市場，謂之：,1,集中市場,店頭市場,短期市場,長期市場
1,由座落於不同地點的交易商(Dealer)對於其所交易的證券向投資人報價，只要投資人願意接受交易商的報價，即可完成交易而形成的市場，謂之：,2,集中市場,店頭市場,短期市場,長期市場
1,下列何者非為健全的金融市場所需之條件？,1,金融商品的價格不透明,大量的儲蓄資金供給,多樣化的交易工具,健全的銀行制度與中央銀行
1,下列何者非為金融中介的功能？,4,降低融資成本,降低融資風險,提高資金流動性,證券產品少樣化
1,金融中介機構（financialintermediation）依其本身的信用條件，發行債務憑證向資金供給者取得資金，再將資金貸放給資金需求者，完成資金移轉的融通方式，謂之：,2,直接金融,間接金融,財務金融,金融中介
1,資金需求者藉由原始證券（例如股票、債券或票券）的發行（或稱承銷），並透過市場交易（經紀或自營），撮合資金供需雙方完成資金交易的融通方式，謂之：,1,直接金融,間接金融,財務金融,金融中介
1,下列何者非屬行政院金融監督管理委員會之主管業務？,3,金融控股公司,證券業,金融支付系統,期貨業
1,有關發行市場「私募」制度，何者正確？,3,招募對象不受限制,招募人數不受限制,必須向特定人招募,私募發行的成本通常高於公開發行的成本
1,股票的本益比係指：,1,股價/每股盈餘,每股盈餘/股價,股價/每股股利,股價/每股淨值
1,下列何者為散戶最常使用之申購股票方式：,4,競價拍賣,詢價圈購,洽特定人承銷,公開申購
1,民國100年12月30日開始施行的金融消費者保護法，其主管機關為：,4,財政部,法務部,公平交易委員會,金融監督管理委員會
1,境外基金需經核准方得在我國境內募集及銷售，下列何者不是合法的銷售機構？,3,證券投資信託事業,證券投資顧問事業,資產管理顧問公司,證券經紀商
1,下列何種類型的基金適合短期資金停泊的投資人？,2,股票型基金,貨幣市場基金,固定收益型基金,保本型基金
1,外國企業來臺灣以存託憑證方式籌措資金，稱之發行：,2,美國存託憑證(ADR),臺灣存託憑證(TDR),全球存託憑證(GDR),歐洲可轉換公司債(ECB)
1,自101年4月2日起銀行及證券商從事店頭衍生性金融商品交易須向下列何者建置之店頭衍生性金融商品交易資訊儲存庫申報相關資訊？,2,臺灣證券交易所,證券櫃檯買賣中心,臺灣期貨交易所,臺灣集中保管結算所
1,期貨交易人不可透過下列何者從事期貨交易？,4,專營期貨經紀商,兼營期貨經紀商,期貨交易輔助人,金融資訊服務公司
1,期貨商接受期貨交易人委託從事期貨交易，下列敘述何者不正確？,4,期貨商接受期貨交易人開戶時，應由具有業務員資格者為之,在期貨交易人開戶前應告知各種期貨商品之性質、交易條件及可能之風險，並應將風險預告書交付期貨交易人,期貨商不得僱用非業務員接受期貨交易人委託進行期貨交易事宜,期貨商於成交後僅須以電話通知期貨交易人，無須作成買賣報告書及對帳單交付期貨交易人
1,期貨商客戶保證金專戶之管理，下列敘述何者不正確？,1,兼營期貨業務之金融機構得將其客戶保證金專戶開設於其所經營之金融機構,期貨商應將所開設客戶保證金專戶之機構名稱及帳號於營業場所顯著位置公告,客戶保證金專戶內所有款項之提取作業應以轉帳方式辦理，同時應有詳實之紀錄及收付憑證,期貨商對客戶在客戶保證金專戶內之存款或有價證券，不得進行透支、設定擔保或他項權利，且不得挪用為其他客戶保證金、權利金、結算交割費用、佣金、手續費或不足款項之代墊
1,下列何者並非屬強化公司治理的措施？,3,擴大獨立董事強制設置範圍,鼓勵企業善盡社會責任,限制員工跳槽以留住人才,強制設置薪資報酬委員會
1,上市（櫃）公司依規定，財務報表及重大訊息須在何處公告？,1,公開資訊觀測站,國內報紙,上市（櫃）公司自家網站,奇摩或鉅亨網
1,上市（櫃）公司之股東常會應於每會計年度終了後幾個月內召開？,4,一個月,二個月,三個月,六個月
1,以下有關證券投資信託基金之描述，何者為非？,1,基金資產交由證券投資信託事業保管,基金資產應分散投資,股票型基金係指投資股票達淨資產價值70%以上之基金,指數股票型基金（ETF）可上市或上櫃，投資人可透過證券商從事買賣
1,甲上市公司董事長掏空公司資產，持有甲公司股票之股東所受損害可採取之措施，以下何者正確？,3,向財團法人證券投資人及期貨交易人保護中心（投保中心）請求動用保護基金償付,向財團法人金融消費評議中心請求評議,由投保中心提起團體訴訟求償,向證券商求償
1,有關國內貨幣市場基金之描述，何者為非？,4,主要投資標的為銀行存款、短期票券及附買回交易,加權平均存續期間不得大於180日,不得投資於股票或其他具股權性質之有價證券,具保本性質，每單位淨資產價值逐日平穩上升，不會下降
1,洗錢防制法規定金融機構對於達一定金額以上之通貨交易，應確認客戶身分及留存交易紀錄憑證，並應向指定之機構申報。所稱之一定金額係指新台幣多少之單筆現金或換鈔交易?,2,25萬元,50萬元,75萬元,100萬元
1,下列何者不屬於金融機構防制洗錢措施，訂定內部控制、稽核及法令遵行之事項?,4,確認客戶身分之程序及留存交易紀錄憑證之方式與期限,申報流程及程序及保密規定,定期檢討及辦理在職訓練,無需專責人員負責協調監督
1,現行每一存款人在同一家金融機構的最高保額為存款本金是多少？,3,新台幣100萬元,新台幣150萬元,新台幣300萬元,新台幣500萬元
1,依民法規定，有關保證之敘述，下列何者錯誤？,1,保證債務對主債務均有其從屬性，故主債務人拋棄其抗辯權者，保證人即不得為該主張,保證人之負擔較主債務人為重者，應減縮至主債務人之程度,債權人允許主債務人延期清償時，須經保證人同意，否則不負保證責任,保證人向債權人清償後，於其清償限度內取得債權人對於主債務人之債權
1,提供下列何者作為對銀行授信之擔保，不屬於銀行法所稱之擔保授信？,3,定期存單設定之權利質權,不動產或動產抵押權,鄉鎮市公所所出具之保證函,借款人營業交易所發生之匯票或本票
1,良好的內部控制可以利用環境相扣的內控措施減少弊端的發生，降低損失，下列何者不屬於內控措施？,2,日常運作之牽制,獎懲制度,命令休假,內部自行查核
1,銀行理財專員介紹金融商品時，下列何者為錯誤之行為？,3,提供商品說明書、告知金融商品投資之標的，管理費用及相關費用等,先對客戶進行客戶屬性之問卷，暸解客戶之投資屬性,未提供客戶金融商品之風險預告書並做說明,充分告知商品之獲利及可能之損失，不提供獲利之保證
1,下列何者機構可以辦理特定金錢信託業務？,2,銷售共同信託基金之證券投資信託公司,核准辦理信託業務之銀行及證券商,受委託代操證券投資之證券商,提供金融商品投資分析之證券投資顧問公司
1,以下何者不是投保時應該注意的事項？,3,確認銷售人員所代表的保險公司及是否具有保險業務員的資格,瞭解保單的承保範圍，並要求業務員詳細說明保單的內容,僅聽從業務員對保單之說，未判斷業務員說明內容是否誇大,應親自填寫要保書，對於要保書的詢問事項（如過去的生病紀錄）據實告知簽名前並應確認所簽文件內容
1,對寄達之壽險保單看後，多久之內可以撤回，請求退還保費？,2,收到第2天起算5天內,收到第2天起算10天內,收到第2天起算14天內,收到第2天起算30天內
1,下列何者不是投資型保單之特性？,2,具有結合保險與投資二方面功能,具保證將來一定之收益,依約定方式扣除各項費用後，依保戶同意或指定之投資分配方式,以部分之保費投資金融商品
1,下列何者不是產物保險？,2,火災保險,人身保險,地震保險,船舶保險
1,下列何者為不正確的理財行為？,4,建立自己的財務目標並排列順序，以收入的生活支出節餘部分進行,有自律的能力，能依訂定的承受目標損益採取退場行動,慎選金融機構及有資格的理財人員,投資以後不再過問，未做定期的收益檢視
1,有關債券的種類，下列敘述何者錯誤？,4,依發行形式可分為實體公債與無實體公債,依發行機構可分為公債、公司債、金融債券,依債權之性質可分為普通債券與次順位債券,依票息之有無可分為有息債券與永久債券
1,下列何者不是普通股之特性？,4,可參與公司經營權利,公司增資發行新股之優先認購權,承擔公司的經營成敗後果,可優先參與分配股息
1,下列敘述何者錯誤？,1,利率下跌對股市較為不利,當物價明顯上漲時，政府通常會採用緊縮性的貨幣政策,當新台幣升值時，對我國之出口商較為不利,當景氣對策信號為藍燈時，代表景氣衰退
1,有關客戶委託保管有價證券，下列敘述何者錯誤？,1,經辦人員核符後蓋章核發保管憑條給委託人,經常不定期盤點有價證券並做成紀錄,依規定收取保管手續費並即時入帳,保管有價證券之送存與提領，經主管人核准後依規定辦理
1,以下何者係屬應對金融機構建立並為維持適當有效之內部控制制度負最終責任之人：,2,總經理,董(理)事會,分行經理,總稽核
1,銀行辦理自用住宅及消費性貸款，如已徵提足額擔保，下列何者敘述是錯誤的？,2,借款人如為補強信用，仍可主動提供一般保證人,貸款人就業不久，恐無負擔能力，得徵提連帶保證人,銀行辦理擔保貸款應以一定金額為限,銀行未來求償時，應先就借款人求償，不足部分得向保證人求償
1,下列何者係指金融資產之變現能力或指無法以合理價格軋平部位所產生之風險？,4,作業風險,信用風險,市場風險,流動性風險
1,下列何者不是結構型商品的主要風險？,1,作業風險,信用風險,流動性風險,匯兌風險
1,銀行、保險及證券等金融機構間跨業行銷他業金融商品，下列何者為不正確之敘述？,1,金融機構辦理共同行銷或合作推廣，經核准後未經客戶同意將資料交付他業運用向客戶行銷商品,跨業行銷他業金融商品，首次須經主管機關之核准,金融機構辦裡跨業行銷，應建立共同行銷或合作推廣資料儲存、處理、交互運用之內部控制管理規範,共同行銷之業務人員辦理他業業務時，其行為直接對他業機構發生效力
1,以下何者是屬初級市場活動?,4,集中交易市場交易,未上市股票盤商交易,店頭市場交易,企業之現金增資
1,台灣的興櫃市場是何種股票可以合法流通的市場？,4,上市,上櫃,上市與上櫃,未上市與未上櫃股票
1,利率之1個基本點(basispoint)等於?,2,0.00001,0.0001,0.001,0.01
1,利率之一碼為：,1,0.0025,0.005,0.01,0.05
1,臺灣證券交易所上市股票買賣，多少股以下的交易是屬零股買賣？,1,999股,99股,9股,1股
1,臺灣企業赴美國以存託憑證方式籌措資金，稱之發行：,2,臺灣存託憑證(TDR),美國存託憑證(ADR),歐洲可轉換公司債(ECB),浮動利率債券(FRN)
1,定期公開資訊中，資訊內容最具即時、攸關性者為：,1,營業額公告,年報,取得與處分資產報告,財務報告
1,不定期公開資訊中，資訊內容最具即時、攸關性者為：,2,財務預測,重大資訊之公開,公開說明書,財務報告
1,下列何者金融商品不是國內上市公司到海外籌措資金的方式？,1,TDR,ADR,GDR,HKDR
1,老年投資人最好投資下列那一種基金?,2,小型股基金,保本型基金,積極成長型基金,高科技基金
1,老年人較適合投資下列那一種資產?,2,股票,定存,認購權證,期貨
1,下列何者不是市場風險(Marketrisk)?,3,利率之變化,通貨膨脹率之變化,特定企業之營運變化,全球石油危機
1,就投資管理而言，認為市場隨時存在價格失衡之證券，而利用研究分析選出價格低估之證券，以求績效擊敗大盤之管理方式稱為?,3,被動式管理(passivemanagement),部位式管理(positionmanagement),主動式管理(activemanagement),效能式管理(effectivemanagement)
1,有關於以下由行政院國家永續發展委員會核定之『永續發展政策綱領』中所分類的政策層面與面項敘述，請問何者錯誤？,3,「永續的環境」層面包含：大氣、水、土地、海洋、生物多樣性及環境管理等六個面向,「永續的社會」層面包含：人口與健康、居住環境、社會福利、文化多樣性及災害防救等五個面向,「永續的經濟」層面包含：企業獲利、企業績效、企業營運、永續能源及資源再利用等五個面向,「執行的機制」層面包含：教育、科技發展、資訊化社會、公眾參與、政府再造及國際合作等六個面向
1,因應氣候變遷衝擊及國際間對永續議題關注，協助我國企業及早因應訂定其減碳目標，金融監督管理委員會（以下稱金管會）於2022年推動「上市櫃公司永續發展路徑圖」規劃案，以下有關規劃案敘述何者正確？,4,配合政府2070淨零碳排目標，金管會特訂定上市櫃公司溫室氣體盤查資訊揭露時程，俾利企業遵循及訂定減碳目標,揭露對象除鋼鐵、化工業自2022年強制揭露外，其餘上市櫃公司係按實收資本額自2022年起分階段推動,揭露目標為2025年全體上市櫃公司完成溫室氣體盤查且與財務報表範圍一致,揭露內容包含範疇一（溫室氣體直接排放）與範疇二（能源間接排放量）
1,永續好好食股份有限公司為一家國內上市公司，下列有關於該公司編製與申報2021年度永續報告書之敘述，請問何者錯誤？,2,該公司依據臺灣證券交易所「上市公司產業類別劃分暨調整要點」規定屬食品工業，因此雖然2021年度財務報告所載股本僅新臺幣二億元，亦須依照「上市公司編製與申報永續報告書作業辦法」（以下稱作業辦法）編製與申報2021年度永續報告書,該公司因非屬高碳排產業，故2021年度永續報告書無須加強揭露企業對氣候相關風險與機會之治理情況,該公司應於2021年度永續報告書中揭露企業非擔任主管職務之全時員工人數、非擔任主管職務之全時員工薪資平均數及中位數，及前三者與前一年度之差異,該公司應建立永續報告書編製及驗證之作業程序，並納入內部控制制度
1,請問以下何者非屬金融監督管理委員會於2020年宣布之『公司治理3.0-永續發展藍圖』中所推動之主軸？,1,強化股東會職能，提升企業永續價值,提高資訊透明度，促進永續經營,強化利害關係人溝通，營造良好互動管道,接軌國際規範，引導盡職治理
1,「深化公司永續治理文化，提供多元化商品」為金融監督管理委員推動『公司治理3.0-永續發展藍圖』的五大主軸之一，請問以下何者非屬該項目之具體推動措施？,1,規劃建置永續板，推動永續發展相關保險產品,持續視市場使用者需求，研議推動永續相關指數商品,持續檢討公司治理評鑑指標，強化評鑑效度,持續宣導公司治理及企業社會責任
1,"以下有關聯合國永續發展目標（SustainableDevelopmentGoals,SDGs）之敘述，請問何者有誤?",1,SDGs4是「確保有教無類、公平以及高品質的教育，及提倡終身學習」（QualityEducation），包含消除教育上的性別差距不能雙重標準公然性羞辱,SDGs5是「實現性別平等，並賦予婦女權力」（GenderEquality），包含終結所有對婦女和女童的各種形式歧視,SDGs8是「促進包容且永續的經濟成長，讓每個人都有一份好工作」（DecentWorkandEconomicGrowth），包含保護勞工的權益，為所有勞工創造安全有保障的工作環境,"SDGs16是「促進和平多元的社會，確保司法平等，建立具公信力且廣納民意的體系」（Peace,JusticeandStrongInstitutions），包含促進及落實沒有歧視的法律與政策，以實現永續發展"
1,魷魚公司找來經理人奇勳、尚佑、美女跟俊昊一起替公司鑑別氣候變遷轉型風險，鑑別錯誤的經理人今年將無法得到績效獎金，但鑑別出最關鍵的氣候變遷轉型風險者可以得到456億獎金，請問以下哪項提案可以幫助他們成為獎金贏家?,1,氣溫上升可能導致政府對於徵收碳費，公司營運成本上升,洪水可能導致廠房及設備損傷，進而可能使營運中斷,極端降雨可能導致用水吃緊或產量下降,乾旱可能造成缺水影響產能穩定性
1,小黃因疫情慘澹失業後，個人經濟遭遇困難、信用紀錄也開始惡化，還好受惠於近年來金融業積極推動普惠金融服務，請問以下小黃獲得之幫助何者非屬普惠金融相關?,2,小黃得以較低保費取得基本保險保障,小黃報名參加某證券商舉辦的期貨商品投資講座，學習投資期貨或選擇權獲利,某銀行提供小黃低碳運輸微型貸款，幫助小黃購置電動機車代步、開啟外送員新人生,小黃透過完整的網銀服務，在失業期間為了節省房租而搬回鄉下老家時，也可以享受e指理財、從線上進行基金申購
1,金融監督管理委員會於2020年推出之『綠色金融行動方案2.0』，其中為推動落實責任投資，並鼓勵金融業及政府相關單位辦理永續發展領域之投資，所提出投資面向之具體措施不包含下列何者？,1,修正機構投資人誠信經營守則,研議將ESG責任投資納入自律規範,鼓勵金融機構辦理永續發展領域之投資,洽請國營事業及政府基金參與永續發展領域之投資
1,知悉重大消息的內部人，在重大消息公開後幾小時後，才可以進行買賣股票？,3,6小時,12小時,18小時,24小時
1,通常而言，零息債券（Zero-CouponBond）的票面價格較市價為：,1,高,相等,低,沒有一定關係
1,公債自營商在公債發行消息公布後，於正式標售之前，以約定利率和投資人進行買賣，而交割日訂在發行日之後，此種市場為?,1,公債發行前期交易市場,發行市場,次級市場,店頭市場
1,登錄公債係指：,2,無風險債券,無實體公債,垃圾債券,固定利率公債
1,公債於何處流通買賣：,2,集中交易市場,同時在集中與店頭市場,店頭市場,櫃檯市場
1,公司之債券評等下降時，則？A.表示其違約風險下降；B.表示其違約風險上升；C.債券價格會下降；D.債券價格會上升,3,A.、C.,A.、D.,B.、C.,B.、D.
1,債券價格隨著到期日的接近，會愈來愈趨近於：,4,承銷價,贖回價值,市價,面值
1,A國的發行者在B國發行以B國貨幣計價的債券稱為：,4,歐洲債券,海外債券,普通債券,外國債券
1,下列何者對「垃圾債券」的敘述為真？,3,預期報酬低的債券,屬於投資等級的債券,高風險、高殖利率之債券,高品質的債券
1,"乙債券4年後到期，其面額為10萬元，每年付息一次5,000元，若該債券以105,000元賣出，則其到期殖利率：",1,小於5%,等於5%,大於5%,大於或等於5%
1,債券市價與市場利率常作何種變動關係？,2,同方向變動,反方向變動,沒有關連性,同方向或反方向變動均有可能
1,下列何種金融工具的利率風險最高？,3,短期公債,國庫券,長期公債,商業本票
1,證券商在國外證券市場買賣「小龍債券」之結算交割是?,3,現款現券,臺灣集保公司,透過Euroclear或Cedel國際性結算交割辦理,臺灣證券交易所
1,在標準普爾(Standard&Poor's)的評等中，那一評等等級以上的債券為投資等級？,2,BB,BBB,A,AA
1,公司債的持有人為公司的：,1,債權人,股東,董事,經理人
1,歐洲債券(EuroBonds)與外國債券(ForeignBonds)之比較何者為真？,3,歐洲債券是指A國發行者在B國發行以B國幣計價之債券,外國債券是指A國發行者在B國發行不以B國幣計價之債券,歐洲債券發行的相關條件與規定均較外國債券來得有彈性,亞銀所發行的亞洲小龍債券系列屬於歐洲債券的一種
1,目前在我國賣出公司債時須課徵多少證券交易稅？,4,千分之一,千分之二,千分之三,免稅
1,下列何者不屬於債券？,4,政府公債,公司債,金融債券,認購權證
1,零息債券(Zero-couponBonds)之敘述何者正確？,4,以高於面額發行,每間隔一固定期間，定期給付利息,每間隔一固定期間，定期償還本金,到期時，按面額贖回
1,在其他條件相同下，到期期間愈長的債券，其價格對利率的敏感性：,1,愈大,愈小,不變,無從得知
1,在其他條件不變下，可轉換公司債的凍結期間愈長，則其價值會：,1,愈低,愈高,不變,無從得知
1,在其他條件相同下，當殖利率變動1%時，高票面利率債券價格的變動會比低票面利率債券價格的變動：,3,大,一樣,小,不一定
1,國內證券市場上認購權證的發行人為？,3,證券金融公司,臺灣證券交易所,綜合證券商,證券投資信託公司
1,申請股票上櫃必須有幾家以上證券商書面推薦？,2,1家,2家,3家,4家
1,A股除權前一營業日收盤價60元，無償配股每股2元，則除權參考價為：,2,58元,50元,48元,40元
1,一般發行公司申請股票上市，申請時須已依公司法設立登記屆滿：,3,1年,2年,3年,4年
1,何種承銷方式所決定出來的價格較具市場性？,1,競價拍賣,詢價圈購,洽商銷售,公開申購配售
1,國內股票漲跌幅的限制係指：,2,當日開盤價的上、下10%的範圍內成交,當日開盤競價基準的上、下10%的範圍內成交,當日開盤價的上、下5%的範圍內成交,當日開盤競價基準的上、下5%的範圍內成交
1,證券商應多久計算一信用帳戶之整戶及各筆融資融券擔保維持率？,1,每日,每週,每月,每季
1,下列何種承銷方式較具公平性及股權分散？,4,競價拍賣,詢價圈購,洽商銷售,公開申購配售
1,國內股票市場的證券交易成本包括：,3,交易稅及證所稅,手續費及證所稅,手續費及交易稅,手續費、交易稅及證所稅
1,國內股票市場證券交易手續費收取的對象為：,3,僅就買方收取,僅就賣方收取,買進、賣出雙方均收取,買進、賣出雙方均不須收取
1,國內證券市場交易所謂鉅額交易係指買或賣同一種有價證券，其交易數量在多少交易單位以上？,2,100單位,500單位,"1,000單位","5,000單位"
1,國內股票市場的競價交易制度為以下哪一種？,2,連續競價交易制度,集合競價交易制度,連續競價、集合競價混合交易制度,人工喊價交易制度
1,盤後定價交易係指每日收盤後，有價證券依照上午集中交易市場何種價格進行定價交易的方式？,2,開盤價,收盤價,平盤價,平均價
1,關於當日沖銷，下列敘述何者正確？,1,不收取融資利息,不收取融券手續費,當日沖抵額度可以循環使用,交割須款券預先收足
1,融券的成本不包括下列何者？,4,交易稅,融券手續費,交易手續費,融券利息
1,下列因素何者不直接影響公司債券價格的波動？,2,公司信用評等狀況,公司股利,市場利率,時間
1,下列何者非期貨合約（futurescontract）之特性？,3,集中競價,每日結算保證金盈虧,買賣雙方均承擔對方的信用風險,定型化合約
1,下列何者不是期交所在調整期貨合約保證金時之考量因素？,3,期貨合約價格波動性大小,期貨合約總值大小,期貨合約交易量大小,現貨價格波動性大小
1,下列何者不是期貨契約標準化要求一致之因素？,3,品質,數量,價格,交割地點
1,期貨市場中所謂「正向市場」乃指所有期貨價格與現貨價格比較時，期貨價值會：,1,高於現貨價格,等於現貨價格,低於現貨價格,與現貨價格無關
1,期貨經紀商不得從事何種行為？,3,代收保證金,代客戶下單至交易所,代替買賣雙方直接撮合,代客戶進行實物交割
1,有些業務員因想獲得不當之較多佣金，於是鼓勵客戶多作交易而未顧及客戶利益，此種情形稱之為：,3,對作,擠壓,炒單,搶帽子
1,最近油價飆漲，某甲若完全根據預期而直接放空利率期貨且賺了不少，請問他屬於：,2,避險者,投機者,價差交易者,賭客
1,主管機關開放的摩根臺指期貨（MSCITaiwanindex）在哪一個交易所交易？,3,CME,CBOT,HKEX,SGX
1,下列對「基差」描述何者為非？,3,基差＝現貨價格－期貨價格,正常市場基差為負值,期貨契約到期時，基差為正值,逆價市場基差為正值
1,期貨合約的價格於到期日收盤後，期貨價格必須等於現貨價格，其原因或理由是：,1,未平倉部位必須於到期日收盤後進行交割,期貨交易必須逐日結算,期貨交易量大於現貨交易量,人們對期貨價格沒有偏好
1,交易人開戶時，下列何者非屬必要？,4,風險預告書簽名,營業員確信交易人適合期貨交易,徵信客戶的信用狀況,"$10,000的保證金存入"
1,中華民國期貨市場主管機關為：,3,中央銀行,經濟部,金融監督管理委員會,期貨交易所
1,下列各種委託單，除了何者之外，皆需標明價格？,2,限價單,市價單,停損單,觸價單
1,停損單在價位的執行上是：,4,與觸價單一樣,與市價單一樣,即是在下列價位有效執行：買單在目前市價之下，賣單在目前市價之上時,即是在下列價位有效執行：買單在目前市價之上，賣單在目前市價之下時
1,客戶的保證金淨值，因市場行情往不利的方向發展，當淨值跌破某一水位，期貨商就會向客戶發出追繳保證金的通知，此一特定水位稱為：,2,原始保證金,維持保證金,差異保證金,零和保證金
1,客戶保證金不足時，需補足至：,2,變動保證金,原始保證金,維持保證金,結算保證金
1,目前國內各種指數期貨契約交易保證金可以何種形式繳存？,4,現金,現金、債券,現金、債券、定存單,現金、債券、股票
1,客戶若要將其存入保證金提出，則其出金數額必須是：,1,小於或等於（客戶保證金淨值減未平倉部位所需保證金）,保證金既為客戶存入的錢，故客戶的出金數額不受限制,期貨商可以自由決定,法規並未規範
1,我國期貨交易之保證金制度採用：,1,總額保證金法,淨額保證金法,針對交易人採總額保證金法、結算會員與期貨商則採淨額保證金法,由當事人自由選擇
1,一般而言，當期貨價格與未平倉數量同步上漲時，代表：,1,未來期貨價格持續看漲,未來期貨價格可能反轉而下,未來期貨價格可能反轉而上,未來期貨價格持續看跌
1,“買進黃豆期貨，同時賣出黃豆粉、黃豆油期貨”之委託稱為：,3,市場間價差委託,商品間價差委託,加工產品間價差委託,無效的委託
1,臺灣期貨交易所30天期利率期貨之交易標的為國內之何種票券工具？,1,30天期融資性商業本票,國庫券,銀行承兌匯票,可轉讓定期存單
1,通常避險策略會一直維持，而且儘可能愈接近期貨契約到期日時，才結束避險策略，其中最主要的考量為：,3,交易成本低,價格波動性大,基差風險小,基差風險大
1,利用合成資產的觀念，當股票型基金經理人看壞股票市場時，應採行何種方式進行資產重置，而使現行資產轉移成合成債券以規避股市風險？,2,買進指數期貨,賣空指數期貨,買進指數期貨而且買進債券,賣空指數期貨而且賣空債券
1,採行完全避險策略時，避險者仍有可能遭遇追繳保證金之情況，其主要原因為：,2,現貨價格與期貨價格之變動相關性改變所致,逐日結算制度所致,基差值改變所致,現貨價格波動性增大所致
1,輕油裂解廠通常會如何避險？,3,買有鉛汽油期貨，賣無鉛汽油期貨,買無鉛汽油期貨，賣有鉛汽油期貨,買原油期貨，賣無鉛汽油期貨,買有鉛汽油期貨，賣原油期貨
1,股價指數期貨無法規避：,4,市場風險,系統風險,指數型投資組合之風險,股利變動之風險
1,以下何者不是期貨投機活動的正常功能？,4,風險移轉,增加市場的流動性,有助於期貨價格的穩定,操控期貨價格
1,認購權證之「發行者」相當於下列選擇權策略中那一種角色？,3,買進買權（BuyCall）,買進賣權（BuyPut）,賣出買權（SellCall）,賣出賣權（SellPut）
1,以下那一種交易者不必繳交保證金？,2,期貨的買方,選擇權的買方,期貨的賣方,選擇權的賣方
1,S&P500現貨指數675點，則：,2,680買權為價內／680賣權為價外,670買權為價內／670賣權為價外,670買權及賣權皆為價內,665買權及賣權皆為價外
1,當賣出期貨賣權(put)且被執行時，其結果如何？,1,取得多頭期貨契約,取得空頭期貨契約,取得相等數量之現貨,取得現金
1,價內（in-the-money）期貨賣權（put）越深價內，其時間價值（timevalue）會：,2,上升,下降,不一定,不受影響
1,結算所在期貨交易中所扮演的角色不包括下列哪一項？,4,進行每日結算,介入每筆交易成為買方的賣方，以及賣方的買方,承擔買賣雙方的信用風險,負責監視不法交易行為
1,股價指數期貨之交割方式為,1,現金交割,實物交割,由賣方決定,由買方決定
1,依期交法規定，期貨交易人於何時繳交交易保證金？,1,下單買賣之前,下單買賣之後,成交之後,成交當日之收盤後
1,"履約價格7,200之加權股價指數賣權在最後結算價7,150點時，每口會有多少價值？",2,"10,000元","2,500元",0元,50元
1,下列敘述何者正確？A.就投資組合管理而言，積極式的操作包括尋找股價偏低的股票來投資；B.就投資組合管理而言，消極式的操作包括購買指數型基金,1,A.、B.都正確,只A.正確,只B.正確,A.、B.都不正確
1,金控公司員工退休基金如果重視投資風險之分散，其退休基金股票組合中對於金融類股的權數最好應該要：,1,降低權數，以規避員工收益過度集中之分散,加重權數，因為自認為相當了解此一產業,不變,零持股
1,國內已有很多已上市公司鼓勵員工以購買自家股票之方式儲存退休金，其並非基於下列那一項並非主要理由?,3,穩定公司股票籌碼,員工盼望，如果公司營運將來大幅成長的話，將來可能有筆很可觀之退休金,分散風險,降低員工流動率
1,收入穩定的年輕投資人較適合投資下列那一種基金?,1,積極成長型基金,保本型基金,固定收益型基金,債券型基金
1,下列那一種股票型基金屬於較積極型投資人所投資的?,2,指數型基金,成長型股票基金,價值型股票基金,低本益比股票基金
1,下列那一種股票型基金較屬於保守型投資人所投資的?,2,積極成長型股票基金,價值型股票基金,中小型股基金,高本益比股票基金
1,積極的投資人較可能投資下列那一種股票?,2,低本益比股票,高本益比股票,低市價淨值比股票,低市價現金流量比股票
1,下列敘述何者正確？A.投信投顧公司代客操作應顧及職業道德；B.投信投顧公司代客操作應建立防火牆,1,A.、B.都正確,只A.正確,只B.正確,A.、B.都不正確
1,下列敘述何者正確？A.投信投顧公司代客操作應顧及客戶的投資目標與限制條件；B.投信投顧公司代客操作應顧及客戶的財富背景與承擔風險的限度,1,A.、B.都正確,只A.正確,只B.正確,A.、B.都不正確
1,下列敘述何者不正確？,4,投信投顧公司代客操作應顧及客戶的投資目標,投信投顧公司代客操作應顧及客戶的投資限制條件,投信投顧公司代客操作應顧及客戶的財務狀況,投信投顧公司代客操作不需考慮防火牆的建立
1,下列敘述何者較正確？,1,投資人應該相信基金經理人的專業知識與能力，但不一定能保證獲利,因為專業經理人的專業知識與能力都佳，所以操作績效一定佳,投資人應該相信有線電視(第四台)投顧解盤節目推薦之股票,投資人應該相信有線電視(第四台)投顧解盤節目推薦進出股市之時機
1,下列敘述何者正確？A.只要簽定充份授權合約，投顧代客操作就可以不管投資人的年齡與財務狀況，積極操作。B.如果客戶是退休人員，投顧代客操作就應該注意投資安全性。,3,A.、B.都正確,只A.正確,只B.正確,A.、B.都不正確
1,下列敘述何者正確？A.投信基金經理人不應該一方面替公家退撫基金操盤，同時私下替個人大戶代客操作。B.投顧公司應該定期與委託操作之客戶保持聯繫，告知績效近況與對未來證券市場之看法。,1,A.、B.都正確,只A.正確,只B.正確,A.、B.都不正確
1,如果目前某檔股票的真實價值遠高於其市場價值，投資人應該,1,增加其在投資組合內之權數,降低其在投資組合內之權數,出清此股票,不需變動投資組合
1,下列敘述何者正確，何者錯誤？a.股市投資屬於高風險，所以一定能得到高報酬b.想要獲得高報酬，可以投資股市，因為股市風險高,1,敘述a錯誤，b正確,敘述a正確，b錯誤,敘述a、b皆錯誤,敘述a、b皆正確
1,投資BBB股票，成本每股是20元，賣出價格是22元，投資期間收到現金股息3元，如果不考慮交易成本，則投資報酬率是,1,0.25,0.1,0,0.4
1,根據投信投顧相關法規，下列敘述何者正確？A.合法的投信投顧業者可以私募基金；B.私人也可以私募基金來投資,1,只有A.正確,只有B.正確,A.、B.都正確,A.、B.都不正確
1,下列那一敘述何者正確：A.假設其他條件一樣的話，股票之系統風險越高，其股票市場價值越高；B.假設其他條件一樣的話，股票之風險貼水越低，其股票市場價值越高,1,只有B.正確,A.、B.都正確,只有A.正確,A.、B.都不正確
1,開放型共同基金(Mutualfunds)是：,2,追逐絕對報酬,追逐相對於標竿(benchmark)高的報酬,報酬波動性一定很低的投資,投資人與投信公司議價買進基金
1,下列敘述何者較正確？A.針對全國基金績效評比時，不管基金經理人管的是何種基金，只要報酬率最高，基金經理人績效就是最好；B.針對全國基金績效評比時，不管基金經理人管的是何種基金，只要調整風險後的報酬率最高，基金經理人績效就是最好,3,A.、B.都正確,A.正確,B.正確,A.、B.都不正確
1,下列敘述何者較正確？A.專門投資高科技產業股票的基金，其最適合用來比較績效的標竿(BenchmArk)是股票市場指數；B.投資人如果自己無專業投資知識，只好精挑細選基金來投資，這也是一種積極式的投資策略,3,A.、B.都正確,A.較正確,B.較正確,A.、B.都不正確
1,股票型基金經理人作挑選證券決策時，較會考慮：,2,那一類資產有較佳之展望？,那一產業有較佳之展望？,要不要決定買那一種股票指數型商品？,那一證券有較多利多的小道消息？
1,投資人在挑選基金時比較不會受到下列哪項因素之影響？,4,基金公司聲譽,基金的績效,基金規模,基金經理人的性別
1,如果軍公教人員退撫基金採消極式操作之策略，可將基金？,3,交由專業經理人挑選證券,交由專業經理人決定投資某一類資產之時機,投資指數型基金,大部份投資在熱門股上
1,如果軍公教人員退撫基金採積極式操作之策略，可將基金A.部份委託國內專業基金經理人管理；B.部份委託國外專業基金經理人管理,3,不能採用A.法,不能採用B.法,A.及B.法皆可用,A.及B.法皆不可用
1,下列敘述，何者為真：A.封閉型基金有時候會產生折價之現象；B.開放型基金則是以淨值贖回，所以無折價之現象,3,只有A.為真,只有B.為真,A.與B.都為真,A.與B.都不真
1,採定期定額投資共同基金時，下列敘述何者正確？I.當股價愈高時，可購得之基金單位數愈多；II.當股價愈高時，可購得之基金單位數愈少；III.當股價下跌時，可購得之基金單位數愈多；IV.當股價下跌時，可購得之基金單位數愈少,2,I、III對,II、III對,I、IV對,II、IV對
1,定期定額投資開放式基金,4,應該短線高出低進,不適合沒有時間看盤的投資人,不適合長期投資,認為基金淨值早晚會漲超過定期定額投資的平均成本
1,下列何者不是封閉型基金的特性？,2,發行單位數是固定的,買賣價格是依基金淨值,基金沒有贖回壓力,基金大部份時間會有折溢價的狀況發生
1,下列何者是開放型基金的特性？,3,買賣價格是依交易所市價,基金沒有贖回壓力,發行單位數是非固定的,基金大部份時間是處於折價狀態
1,下列何者不是投資共同基金的好處：,3,分散投資風險,專業機構管理,基金經理人保證獲利,具有良好的流通性
1,開放型基金可以下列那種方式贖回？,1,淨值,掛牌市價,買進成本,面額
1,以下何者是一般對沖基金操作手法？A：套利，B：積極買賣衍生性商品,3,只有A正確,只有B正確,A與B都正確,A與B都不正確
1,下列何者係獨占發行通貨，執行貨幣政策之機構？,3,專業銀行,商業銀行,中央銀行,財政部
1,下列何者非屬中央銀行之業務範疇？,3,發行貨幣,進行公開市場操作,直接對企業融通資金,保管國際準備
1,有關我國中央銀行之功能，下列何者錯誤？,4,執行貨幣政策,穩定匯率,維持安全有效率之支付制度,核定各商業銀行之牌告利率
1,若其他條件不變，下列何者會使本國貨幣供給量增加？,1,國際收支順差,國際收支逆差,全體銀行對企業及個人信用緊縮,政府財政赤字餘額減少
1,銀行法中所稱資本嚴重不足，係指自有資本與風險性資產之比率低於多少百分比？,2,0.01,0.02,0.05,0.08
1,銀行對於隨時可能發生的資金需求，因其變現能力與準備部位不足所產生的風險，稱為下列何者？,3,信用風險（creditrisk）,市場風險（marketrisk）,流動性風險（liquidityrisk）,營運風險（operationalrisk）
1,當借款人或交易對手違約，致無法履行原先對銀行承諾的債務時，銀行將承受下列何種風險？,2,營運風險,信用風險,法律風險,市場風險
1,下列何項比率愈低，表示銀行資產品質愈佳？,3,淨值報酬率,資產週轉率,逾放比率,存放比率
1,假設其他條件不變，下列何者可使存款貨幣的創造能力提高而增加貨幣供給量？,4,法定存款準備率提高,銀行授信增列補償性存款之規定,銀行超額準備增加,法定存款準備率降低
1,為穩健經營，有關商業銀行資金運用之原則，下列何者有誤？,2,安全性,投機性,流動性,獲利性
1,銀行內部控管制度如欠完備，造成人為疏失、舞弊或資訊系統操作不良，將使銀行承受何種風險所致損失？,3,市場風險,法律風險,營運風險,流動性風險
1,銀行將利率敏感性缺口控制在一適當水準，係用來管理下列何項風險？,4,營運風險,信用風險,市場風險,利率風險
1,存款有一定時期之限制，存款人憑存單或依約定方式提取，並得以之質借之存款，稱為下列何者？,4,支票存款,活期存款,活期儲蓄存款,定期存款
1,銀行兌付可轉讓定期存單、商業本票、國庫券之利息時，應按給付額多少百分比扣繳利息所得稅？,1,0.1,0.15,0.2,0.3
1,依「洗錢防制法」之規定，金融機構對疑似洗錢之交易，應向下列何者申報？,2,財政部,法務部調查局,金融監督管理委員會,警察局
1,提供下列何者予銀行辦理貸款者，不屬於擔保授信？,4,不動產抵押權,動產或權利質權,政府核准設立之信用保證機構保證,借款人開立之票據
1,可轉讓定期存單以新台幣多少元為一單位，並按其倍數發行？,3,一萬元,五萬元,十萬元,五十萬元
1,借款人提供房地產為擔保設定抵押權予銀行，其房屋應投保適當之保險，並以下列何者為受益人？,4,借款人,房地產所有權人,保證人,銀行
1,有關銀行評估授信申請案件之主要考慮因素，下列何者有誤？,4,借款人之資信,借款資金用途,還款財源,介紹人之政治背景
1,正常情況下，下列何種消費者貸款利率最低？,2,小額信用貸款,首次購屋貸款,汽車貸款,現金卡循環信用
1,信用卡持卡人在繳款截止日前，繳足最低應繳金額，即可維持其良好信用紀錄，其餘由發卡銀行依未繳金額按月收取利息，此授信方式稱為下列何者？,2,小額信用貸款,循環信用,簡易貸款,資本支出貸款
1,接受特約商店持簽帳單請款者稱為下列何者？,3,發卡銀行,信用卡客服中心,收單銀行,持卡人
1,與卡片結合，提供消費者隨時透過自動提款機支借現金，以利救急使用之無擔保消費性貸款稱為下列何者？,1,現金卡,簽帳卡,認同卡,轉帳卡
1,有關銀行發行信用卡之風險防範措施，下列敘述何者錯誤？,4,加強對申請人之徵信,研發信用卡之防偽技術,加強特約商店偽卡辨識訓練,將持卡人之個人及交易資料公開化
1,經營外匯相關業務者，為處理國際間收付與國際清算之需要，進行不同貨幣間的相互交換之市場，稱為下列何者？,3,貨幣市場（MoneyMarket）,資本市場（CapitalMarket）,外匯市場（ForeignExchangeMarket）,權益市場（EquityMarket）
1,本國外匯市場係由不同型態的外匯交易參與者所組成，下列何者非屬其組織成員？,4,進出口商及旅行、投資者,外匯指定銀行,外匯經紀商,期貨交易所
1,有關國際外匯市場之主要功能，下列敘述何者有誤？,2,提供國際匯兌與清算,擴大國際間各種貨幣之利差,提高國際資金運用效率,提供規避匯率風險的工具
1,外匯交易雙方在一特定時點簽訂契約，決定匯率，並於交易後第二個營業日完成契約金額的交割，稱為下列何者？,1,即期交易,遠期交易,期貨交易,選擇權交易
1,交易雙方在某特定時點決定匯率，並同意在未來某一時日交割的外匯交易市場，稱為下列何者？,2,即期外匯市場,遠期外匯市場,外匯期貨市場,國際資本市場
1,當任何兩種通貨無直接兌換比率，必須透過第三種通貨間接計算而得的兌換率，稱為下列何者？,3,名目匯率,實質匯率,交叉匯率,均衡匯率
1,遠期匯率與即期匯率的差額，稱為下列何者？,2,實質匯率,換匯匯率,交叉匯率,均衡匯率
1,中央銀行為緩和本國通貨匯價的急遽升貶，可利用下列何種方式調節外匯供需，使達成適當匯率水準？,4,重貼現政策,準備金政策,選擇性信用管制,外匯干預
1,外匯市場上，報價銀行EUR/USD之報價為1.1713/17，表示詢價者買入一歐元之價格為何？,2,1.1713美元,1.1717美元,1.1700美元,0.8534美元
1,外資匯入美元，投資台灣股市，唯恐將來匯出時新台幣貶值，可如何規避匯率風險？,1,買無本金交割遠期美元（NDF）,買入即期美元,買入美元賣權,賣出美元買權
1,依中央銀行規定，下列何者非屬銀行應提存準備金之存款範圍?,3,支票存款,儲蓄存款,公教人員退休金存款,定期存款
1,下列何者非屬主管機關對於金融機構流動性風險之規範？,4,法定準備金,最低流動比率,存放比率,資本適足率
1,銀行承辦授信業務之基本原則，下列何者非屬之？,1,公開性,安全性,流動性,收益性
1,在其他條件不變下，下列何者會使本國貨幣貶值？,2,本國利率上升,本國進口關稅下降,本國相對物價下跌,本國相對生產力提高
1,下列何者非屬資訊安全的基本三要素？,1,一致性(Consistence),完整性(Integrity),可用性(Availability),機密性(Confidentiality)
1,下列何者非屬組織採用雲端運算服務的常見考量原因？,1,商譽,成本,速度,效能
1,下列何種數據資料單位代表1024GB？,4,1ZB,1EB,1PB,1TB
1,下列哪一個名詞和其他三個名詞不同義？,1,數據資料,大數據,巨量資料,海量資料
1,下列何者非屬網際網路興起後的數位商品或服務模式？,2,純網路銀行,電子資金轉帳,電子商務支付系統,加密貨幣
1,機器人是人工智慧的容器，機器人是身體，而人工智慧可以比喻成機器人的哪一部分？,4,心臟,腳,手,大腦
1,當保險業欲透過網路與電話語音等通路提供服務時，可運用何項技術驗證身分？,1,生物辨識,通訊技術,物聯網技術,網路技術
1,下列何項敘述非屬純網路銀行的明顯獨特特色？,4,沒有實體分行,沒有實體ATM機器,營業時間無限制全年無休,透過APP提供金融服務
1,下列何者非屬我國核准設立之純網路銀行？,3,連線銀行,將來銀行,新網銀行,樂天銀行
1,目前各國金融監理機關對比特幣抱持戒慎恐懼的態度，考量的原因包含下列哪幾項？A.洗錢B.資恐C.逃稅D.詐騙,4,僅A,僅A、B,僅A、B、C,A、B、C、D
1,依信託法之規定，信託依設立方式之不同分為三種，下列何者非屬之？,4,契約信託,遺囑信託,宣言信託,法定信託
1,委託人將財產權移轉予受託人，使依委託人意旨，為受益人利益管理或處分財產之法律關係為下列何者？,2,委任,信託,寄託,讓與擔保
1,信託關係之委託人，須將其信託財產權主體變更為下列何者之名義？,2,受益人,受託人,信託監察人,第二受益人
1,委託人將其船舶信託移轉予受託人，使依委託人意旨管理或處分，稱為下列何種信託？,1,動產信託,不動產信託,金錢信託,權利信託
1,委託人將其土地信託移轉予受託人，使依委託人意旨管理或處分，稱之為下列何種信託？,1,不動產信託,動產信託,地上權信託,租賃權信託
1,「以給付一定數額之金錢為標的」之債權信託，稱之為下列何種信託？,2,金錢信託,金錢債權信託,動產信託,不動產信託
1,委託人將股票信託移轉予受託人管理，稱為下列何種信託？,3,金錢信託,金錢債權信託,有價證券信託,動產信託
1,下列何者得擔任信託財產之受託人？,4,未成年人,受監護或輔助宣告之人,破產人,經主管機關許可經營信託業務之公司
1,有關受託人對受益人之責任，下列敘述何者正確？,3,得承諾擔保本金,得擔保最低收益率,不得承諾擔保本金或最低收益率,僅得對大戶承諾擔保本金
1,受託人處理信託事務，下列敘述何者錯誤？,3,應依信託本旨處理,應以善良管理人之注意處理,自有財產得與信託財產合併管理,受託人管理不當致信託財產發生損害時應予賠償
1,下列何種制度係以自己為財產名義權利人，為他人利益管理財產？,1,信託,寄託,委任,代理
1,有關委任與信託之敘述，下列何者錯誤？,3,信託關係之委託人須將財產權移轉給受託人,委任關係之委任人無須將財產權移轉給受任人,委任人管理或處分受任,信託關係之委託人須將財產權移轉給受託人
1,委託人以其享有之租賃權為信託標的，將之移轉與受託人管理使用，稱之為下列何種信託？,1,租賃權信託,地上權信託,專利權信託,金錢信託
1,有關信託財產之敘述，下列何者錯誤？,4,受託人死亡時信託財產不屬於其遺產,受託人破產時信託財產不屬於其破產財團,受託人關於信託財產之占有，承繼委託人占有之瑕疵,屬於信託財產之債權與不屬於信託財產之債務得互相抵銷
1,信託關係消滅時，除信託行為另有訂定外，有關信託財產之歸屬，下列何者為第一順位？,4,國庫,受託人,目的事業主管機關,享有全部信託利益之受益人
1,有價證券中之股票及公司債券，除須依目的事業主管機關規定，於證券上載明其為信託財產外，尚須通知下列何者，始得對抗該公司？,3,證券期貨商,證券交易所,發行公司,經濟部
1,依信託法規定，公益信託之監督機關為下列何者？,2,金融監督管理委員會,目的事業主管機關,法院,財政部
1,下列何者不屬於信託業法規定信託業得經營之信託業務？,4,金錢信託,不動產信託,專利權信託,商譽信託
1,主管機關基於風險考量，依信託業法規定，信託業辦理委託人不指定營運範圍或方法之金錢信託，其營運範圍下列何者非屬之？,4,現金,銀行存款,短期票券,上市股票
1,依信託業法規定，信託業得經營之業務項目，下列何者非屬之？,2,著作權信託,人格權信託,專利權信託,有價證券信託
1,依信託業法規定，營業信託契約之訂定，應以何種方式為之？,1,書面,口頭,電話,錄音
1,下列哪一種契約信託，可以口頭為之或書面為之？,1,民事信託,金錢信託,有價證券信託,不動產信託
1,下列何者非屬金融資產證券化條例所指之資產？,4,汽車貸款債權,房屋貸款債權,信用卡債權,不動產
1,有關金融資產證券化之特性，下列何者錯誤？,1,由創始機構發行有價證券,現金流量可委由服務機構代為管理,金融資產證券化得採信用增強機制,所受讓特定金融資產為信用評等之基礎
1,有關金融資產證券化之創始機構將金融資產移轉予特殊目的機構之會計項目，下列何者正確？,1,出售資產,借入款項,同業往來,票據貼現
1,依金融資產證券化條例之規定，受益人會議係由下列何者召集之？,2,創始機構或受託機構,受託機構或信託監察人,服務機構或信託監察人,監督機構或服務機構
1,依不動產證券化條例規定，所稱不動產管理機構，下列何者非屬之？,3,不動產投資業,營造業,信託業,建築經理業
1,依信託法規定，信託行為有害於委託人之債權人權利者，債權人應如何主張權利？,2,向受託人主張信託契約無效,聲請法院撤銷信託行為,聲請召開債權人會議,聲請強制執行信託財產
1,依信託法規定，有關信託關係消滅原因，下列何者正確？,3,委託人死亡,受託人破產,信託目的不能完成,委託人喪失行為能力
1,依信託法及信託業法相關規定，信託業應負之義務，下列何者錯誤？,3,忠實義務,分別管理義務,保證收益義務,善良管理人注意義務
1,依信託業法規定，有關信託業之利害關係人，下列何者錯誤？,4,擔任信託業之負責人,持有信託業資本總額5%以上者,對信託財產具有運用決定權者,擔任信託業定型化契約之審定人員
1,運用一年期以內短期信用工具，調節短期資金供需的交易市場，稱為下列何者？,2,債券市場,貨幣市場,股票市場,期貨市場
1,金融機構間之新台幣拆款市場，係屬下列何者？,2,債券市場,貨幣市場,股票市場,外匯市場
1,下列何者非屬短期票券市場之信用工具？,4,國庫券,可轉讓定存單,匯票,公司債
1,下列何者係在貨幣市場上擔任市場監督信用管理者及市場資金最後調節者？,3,票券商,商業銀行,中央銀行,財政部
1,下列何者非屬貨幣市場的功能？,3,配合中央銀行執行貨幣政策,提供法人及個人理財工具,提供股票買賣的機制,建立利率指標
1,中央政府為調節國庫收支，得發行未滿一年之信用工具，下列何者係屬之？,3,政府公債,建設公債,國庫券,金融債券
1,銀行為了提高流動性，發行一種具有可轉讓但不可中途解約特性，並承諾一定時間後之到期日按票載利率支付本息予存款人之短期信用工具，係屬下列何者？,2,定期存單,可轉讓定期存單,金融債券,商業承兌匯票
1,發票人簽發一定之金額，委託付款人於指定之到期日，無條件支付與受款人或執票人之票據，稱之為下列何者？,1,匯票,本票,支票,保付支票
1,凡出售商品或提供勞務之相對人簽發之匯票，委託銀行為付款人而經其承兌者，稱之為下列何者？,1,銀行承兌匯票,商業承兌匯票,交易性商業本票,融資性商業本票
1,凡出售商品或提供勞務之相對人簽發之匯票，以相對人(非銀行)為付款人而經其承兌者，稱之為下列何者？,2,銀行承兌匯票,商業承兌匯票,交易性商業本票,融資性商業本票
1,發票人簽發一定之金額，於指定之到期日，由自己無條件支付與受款人或執票人之票據，稱之為下列何者？,2,匯票,本票,支票,承兌匯票
1,下列何者非屬因出售商品或勞務之交易行為所簽發之票據？,4,銀行承兌匯票,商業承兌匯票,交易性商業本票,融資性商業本票
1,下列貨幣市場的短期信用工具中，何者簡稱為RP？,1,附買回協議,附賣回協議,可轉讓定存單,國庫券
1,下列何者為間接金融？,4,發行股票,發行短期票券,發行公司債,向銀行借款
1,短期票券集中保管結算機構應以幾家為限？,1,一家,二家,三家,四家
1,票券交割作業中，有關買賣雙方款項部分的清算作業，係由下列何者負責？,3,臺灣銀行,財金資訊網路,央行同資系統,聯徵中心
1,下列何者為票券次級市場之交割方式？,1,無實體化,實體化,無實體化與實體化,人工作業
1,下列何者為票券集中保管之結算交割方式？,1,款券同步交割,款先券後交割,券先款後交割,與券商協議而定
1,下列何者之利息所得非採分離課稅方式扣繳，須依規定將利息所得併入綜合所得總額申報所得稅？,4,國庫券,可轉讓定存單,銀行承兌匯票,活期存款
1,目前短期票券之利息所得採分離課稅，按給付額扣繳多少？,1,百分之十,百分之二十,百分之二十五,百分之三十
1,投資人購買一張可轉讓定存單，假設其利息所得為十萬元，請問採分離課稅後，其實際淨利息所得為多少？,4,七萬元,七萬五仟元,八萬元,九萬元
1,下列何種信用工具之承銷價格非採貼現方式計算？,4,國庫券,商業本票,銀行承兌匯票,可轉讓定存單
1,票券商接受發行人之委託，依約定包銷或代銷票券之行為，稱為下列何者？,3,保證,簽證,承銷,標售
1,下列何者亦稱為初級市場？,1,發行市場,流通市場,期貨市場,拆款市場
1,下列何者非屬我國貨幣市場流通之主要信用工具？,4,可轉讓定存單,國庫券,商業本票,股票
1,下列哪一種固定收益的信用工具，其信用風險最大？,3,政府公債,商業本票,垃圾債券,國庫券
1,在貨幣市場上，我們常聽到「利率上升一碼」的說詞，請問「一碼」是多少？,3,0.0001,0.00125,0.0025,0.005
1,國庫券之發行、買回及還本付息等業務，係委由下列何者經理？,2,財政部,中央銀行,臺灣銀行,商業銀行
1,國庫券的競標者，其投標利率低於底標利率時，下列敘述何者正確？,1,由低至高依次得標,由高至低依次得標,由投標時間先後依次得標,由投標金額大小依次得標
1,國庫券的非競標者，其申購價格係按下列何者計算？,1,競標發行價格,競標最低價格,競標最高價格,競標最高價與最低價之平均價
1,銀行發行可轉讓定期存單可按月發行或指定到期日，其最低天期為何？,4,七天,十四天,二十一天,一個月
1,銀行為資金調度需要，發行可轉讓定期存單，其發行天期最長為多久？,2,六個月,一年,二年,三年
1,金融機構經營拆款業務所得之利息收入，應繳納多少營業稅？,4,0.05,0.2,0.25,免徵
1,目前拆款市場的交割清算，大多採用下列何種方式辦理？,2,央行支票,央行同資系統,財金網路系統,ATM轉帳
1,下列何者不得作為流動準備？,4,超額準備,金融業互拆借差,國庫券,股票
1,下列何者非屬金融機構合併法所定義之銀行業？,1,證券金融事業,信用合作社,票券金融公司,信用卡業務機構
1,下列何者於購買短期票券時，其利息收入免予扣繳所得稅？,1,教育機構,個人,上市公司,合夥事業
1,下列何者非屬中央銀行執行貨幣政策的工具？,4,公開市場操作,重貼現率政策,存款準備率政策,調整稅率政策
1,下列何者為我國中央銀行作為經常性信用控管的一項政策工具，其在執行貨幣政策時，較具時效性、機動性及主動性？,1,公開市場操作,重貼現率政策,存款準備率政策,財政政策
1,中央銀行如欲採取寬鬆貨幣政策，則應採取下列何項措施？,3,提高存款準備率,提高重貼現率,買進可轉讓定存單,賣出可轉讓定存單
1,下列何者係中央銀行實施公開市場操作的短期目標？,1,影響貨幣數量及利率水準,實現穩定物價,經濟成長,充分就業
1,依票券金融管理法規定，融資性商業本票之發行，需委由經信用評等機構評等之金融機構保證，下列何者非屬前述所稱之金融機構？,2,銀行,投顧公司,信託投資公司,票券金融公司
1,下列何者非屬票券商辦理簽證作業之內容？,4,核驗發行人簽章,核驗保證人簽章,核驗票面額、發行日及到期日,洽定交易條件
1,發行人所發行之商業本票，票券商承諾全數買入，並於承銷當日給付價款的方式，稱之為下列何者？,1,包銷,代銷,寄售,委辦
1,中央銀行可轉讓定期存單之發行面額分為三種，下列何者非屬之？,1,新台幣一百萬元,新台幣五百萬元,新台幣一千萬元,新台幣一億元
1,發行人運用融資性商業本票籌集資金，其需經過之程序，下列何者錯誤？,4,保證,簽證,承銷,兌償
1,「損失的不確定性」指的是下列何者?,1,風險,風險因素,風險事故,風險標的
1,人的健康狀況屬於下列那一個名詞？,3,風險標的,風險程度,風險因素,風險事故
1,下列何者敍述不正確？,1,風險事故會影響風險因素,風險因素會影損失幅度,風險事故為造成損失的意外事故,損失指非自願性的經濟價值減少
1,下列何者屬於純粹風險？,3,外匯風險,生產風險,信用風險,政治風險
1,會影響整個群體或大部份人的風險屬何種風險？,4,純粹風險,客觀風險,特定風險,基本風險
1,下列何者屬於風險控制措施？,1,損失抑制,風險自留,投保保險,提撥準備金
1,針對損失頻率小但損失幅度大的風險，採何種風險管理方法較適宜？,4,損失抑減,風險避免,自己保險,保險
1,對於損失幅度不大，且損失成本較能精確估計的風險，最宜採用下列何種風險管理方法？,2,損失預防,風險自留,風險避免,保險
1,下列何種風險管理方法可以完全將損失發生之頻率降為零？,3,損失預防,損失抑減,風險避免,風險隔離
1,下列何種風險管理方法具有降低損失頻率的功能？,1,損失預防,風險隔離,計劃性風險自留,自己保險
1,下列何者屬於損失抑減措施？,3,投保汽車保險,檢修汽車,搶救車禍傷患,賣掉汽車
1,保險所承保的風險，一般僅限於：,2,動態風險,純粹風險,投機風險,基本風險
1,下列何者為可保風險？,3,創新風險,行銷風險,財產風險,生產風險
1,下列何者不是可保風險之要件?,3,損失機率須可以預測,損失須為明確且可衡量,須有大量異質性風險單位,須有釀成個別經濟單位重大損失之可能
1,保險契約的當事人為：,3,被保險人與要保人,被保險人與保險人,要保人與保險人,要保人與受益人
1,在保險事故發生時，保險人支付給被保險人或受益人的補償金額稱為：,4,保險金額,保險價額,保險費,保險金
1,保險契約的關係人指：,2,保險人與被保險人,被保險人與受益人,要保人與受益人,要保人與被保險人
1,我國保險法將保險分為：,3,財產保險與人壽保險,產物保險與人壽保險,財產保險與人身保險,產物保險與人身保險
1,一般人壽保險屬於：,4,費用保險,損害保險,定值保險,定額保險
1,下列何者不屬於人壽保險之性質？,3,保險期間長,多屬個人保險,保險價額高,屬定額保險
1,產險公司不得經營下列何種保險？,1,年金保險,健康保險,傷害保險,旅行平安保險
1,下列何者不是我國保險法上財產保險的分類之一？,4,火災保險,陸空保險,責任保險,汽車保險
1,下列何者不屬於財產保險之性質？,1,保險事故之發生相當規則,保險金額差距甚大,保險期間通常為一年或少於一年,依賴再保險程度較深
1,財產保險不承保下列何種標的？,3,建築物,動產,土地,收益
1,人壽保險是依約給付一定金額的一種：,3,定值保險,生存保險,定額保險,死亡保險
1,人身保險不包括下列那一險種？,4,健康保險,傷害保險,旅行平安保險,信用保險
1,下列何者是人壽保險的主要特徵？,4,保險給付不確定,保險事故較不確定,僅是利己的單純投保動機,保險期間長
1,貸款購買房屋最好配合下列何種保險?,4,遞增型定期保險,生存保險,可變更型定期保險,遞減型定期保險
1,下列有關定期保險之敘述何者為非？,4,期滿仍生存，保障全失,中途退保保費不能退還,適合債權人購買,被保人於保險期間內死亡，保險人應退還大部份保險費
1,就保障目的而論，年輕夫妻養育子女期間應購買何種人壽保險？,1,遞增型定期保險,生存保險,生死合險,年金保險
1,依我國保險法規定，人壽保險契約如涉及死亡給付之情況，發生保險事故之被保險人應年滿幾歲？,2,1歲,15歲,67歲,80歲
1,依我國保險法規定，人壽保險之保險費到期未交付者，除契約另有訂定外，經催告到達後屆多少日仍不交付時，保險契約之效力停止？,3,2日,一年,30日,五年
1,依我國保險法規定，保險契約載有被保險人故意自殺，保險人仍應給付保險金額之條款者，其條款於訂約多久後始生效力？,1,2年,5年,10年,20年
1,生存保險主要之目的為：,3,保障,保障加儲蓄,儲蓄,生存
1,人壽保險公司給付之生存保險金，來自：,3,被保人在保險期間屆滿前死亡者所繳付之保費,要保人所繳付保費之累積儲存生息,被保人在保險期間屆滿前死亡者所繳付之保費與要保人所繳付保費之累積儲存生息,保險公司的投資收入
1,所謂養老保險在性質上是一種?,3,生存保險,定期保險,生存保險與定期保險,終身保險
1,保險期間較長的生死合險，其主要用途為?,1,組合工作年齡保障與晚年生活準備,為子女預備學費,為未來債務預為償還準備,年輕人初入社會所需之基本保障
1,下列何者屬於健康保險之範疇？,3,失業保險,專門職業責任保險,失能保險,傷害保險
1,影響傷害保險之保險費率最大的因素是?,4,年齡大小,婚姻狀況,性別,職業類別
1,傷害保險失能保險金主要決定因素為：,3,住院長短,保險事故,失能級數,職業種類
1,下列何種年金旨在照顧基本經濟生活？,1,公共年金保險,企業年金保險,商業年金保險,個人年金保險
1,下列何者不屬於社會年金保險之範疇？,4,老年年金,失能年金,遺屬年金,延期年金
1,保險人於被保險人生存期間或特定期間內，依照契約負一次或分期給付一定金額之責，此種保險稱為：,1,年金保險,退休金保險,死亡保險,養老保險
1,年金保險契約中，如規定有保證給付金額，年金受領人死亡之時，如有一部份尚未支領，此時保險人應將該差額,3,繳交國庫,保留一定年限成為公司盈餘,給付給年金受領人之身故受益人,成為其他受領人之分紅
1,下列何者為投資型保險的特點？,2,主要功能為提供保障,仍具有保障與投資雙重功能,風險全由被保險人承擔,要保人領取保單紅利
1,下列有關團體人壽保險的敘述何者錯誤？,3,承保時僅簽發一張總保險單,要保人為企業負責人,被保險人須接受體檢,核保簡單
1,依我國團體一年定期人壽保單示範條款規定，所謂「團體」，其最低人數通常為多少？,1,5人,100人,500人,"1,000人"
1,下列何者非團體傷害保險之保險費考慮因素？,1,年齡,職業,工作環境,意外事故發生率
1,下列何者非屬團體保險之險種？,4,定期保險,信用人壽保險,傷害保險,職業責任保險
1,我國公教人員保險的主管機關為：,2,內政部,考試院銓敘部,行政院,金融監督管理委員會
1,下列何者非我國公教人員保險給付項目之一？,1,醫療給付,養老給付,死亡給付,育嬰留職停薪
1,下列何者非我國勞工保險承保的給付項目之一？,3,生育給付,傷病給付,失業給付,眷屬喪葬津貼
1,我國勞工保險主管機關在中央為：,2,財政部,勞動部,金融監督管理委員會,保險局
1,我國勞工保險規定，被保險人的年齡限制為：,1,15歲以上65歲以下,20歲以上65歲以下,18歲以上60歲以下,16歲以上65歲以下
1,我國就業保險之中央主管機關為：,1,勞動部,財政部,金融監督管理委員會,勞工保險局
1,下列何者非我國就業保險之給付項目？,4,失業給付,提早就業獎助津貼,職業訓練生活津貼,身心障礙給付
1,下列何者非我國農民健康保險承保的給付項目之一？,2,生育給付,傷病給付,身心障礙給付,喪葬津貼
1,下列何者非我國農民健康保險承保的危險事故之一種？,3,生育,身心障礙,老年,死亡
1,我國農民健康保險的被保險人不包括：,4,自耕農,佃農,農業學校畢業從事農業推廣工作者,農業學校職員
1,我國軍人保險之給付項目之種類不包括：,4,死亡,身心障礙,退伍,育嬰留職留薪津貼
1,我國軍人保險之主管機關為：,1,國防部,台灣銀行,行政院,勞保局
1,我國軍人保險退伍及身心障礙給付，受益人為：,1,被保險人本人,被保險人之配偶,被保險人之子女,被保險人之父母
1,我國全民健康保險承保的危險事故不包括：,4,疾病,傷害,生育,失能
1,我國全民健康保險第一類的保險對象不包括：,2,公教人員,榮民,專門職業人員,私校教職員
1,我國全民健康保險規定第一類被保險人負擔其眷屬之保險費，最高以幾口為限？,1,三口,六口,九口,十二口
1,設(甲)全民健康保險，(乙)商業性健康保險，則下列敘述何者為非：,2,甲之投保方式為強制性,乙之給付按法律規定,甲之經營主體為政府機關,甲乙之保險成本均賴精算原理
1,廠房因火災而遭燒毀，則此損失屬：,1,直接損失,間接損失,從屬損失,連帶營業中斷損失
1,下列何者為間接損失保險？,2,火災保險,營業中斷保險,營造綜合保險,汽車保險
1,一般財產保險通常不承保下列何種危險事故？,4,地震,颱風洪水,航空器墜落及機動車輛碰撞,核子輻射
1,下列何種保險之保險標的，無保險價額之概念？,3,火災保險,海上貨物保險,責任保險,工程保險
1,下列何種標的物投保時採定值保險單方式？,1,古董或藝術品,廠房,傢俱衣李,機器設備
1,以一個保險金額，承保多數標的物之保險單稱為：,3,個別保險單,集合保險單,總括保險單,複數保險單
1,財產保險之保險利益一般須在何時存在？,3,要保時,保險契約訂立時,保險事故發生時,保險期間屆滿時
1,我國財產保險遇有複保險情形時，大都採何種賠款分攤方式？,2,獨立責任比例分攤法,保險金額比例分攤法,超額賠償法,優先賠償法
1,下列何者不是企業財產保險的重要功能？,4,維持企業利潤,保障企業經營安全,提高企業信用,保障員工生命安全
1,下列何者不是財產保險對個人之功能？,3,填補財產之損失,保障家庭生活安定,提升生活品質,減少對財產損失危險之憂慮
1,下列何者不是財產保險對國家社會的功能？,1,累積政治資源,促進經濟發展,提供國家建設資金,保障社會安定
1,我國商業火災保險之基本承保事故不包括：,2,閃電雷擊,爆炸,爆炸引起之火災,竊盜後之縱火
1,我國商業火災保險之保險金額，除另有約定外，以下列何者為基礎？,1,實際價值,重置成本,原始價格,會計價值
1,下列何者非商業火災保險之承保標的？,3,廠房,機器設備,汽車,貨物
1,我國商業火災保險附加之共保附加條款，其共保百分比為：,3,0.6,0.7,0.8,1
1,海上保險之查勘費及公證費為：,3,損害防止費用,救助費用,額外費用,共同海損費用
1,共同海損屬於下列何種損失？,1,部分損失,單獨海損,實際全損,推定全損
1,我國自用汽車保險單不包括：,4,車體損失險,竊盜損失險,第三人責任保險,旅客責任險
1,免自負額車對車碰撞損失保險即車體損失險：,3,甲式,乙式,丙式,丁式
1,下列何者不是自用汽車保險第三人責任保險之附加被保險人？,1,保險契約所載明之被保險人,列名被保險人之配偶,列名被保險人所僱用之駕駛人,列名被保險人之同居家屬
1,對必須更換之零件，汽車車體損失險如何理賠？,3,以舊品為準,以舊品加工資為準,以新品為準,以新品減折舊為準
1,下列何者非車體損失險乙式之承保危險事故？,2,抛擲物或墜落物,第三者非善意行為,碰撞及傾覆,閃電及雷擊
1,責任保險又稱為：,3,第一人責任保險,第二人責任保險,第三人責任保險,第四人責任保險
1,責任保險所承保的責任為：,1,民事責任,刑事責任,行政責任,道義責任
1,下列何者不屬於員工誠實保證保險之被保證員工範圍？,3,會計人員,業務人員,董監事,經理人員
1,員工誠實保證保險不承保員工何種行為？,1,過失,詐欺,侵占,竊盜
1,現行現金保險所承保之現金不包括：,4,紙幣,硬幣,支票,金銀條塊
1,保障範圍包括被保險人之所有債務人在內的信用保險單，稱為：,1,通用保單,特定保單,回溯保單,前伸保單
1,下列何者不是我國強制汽車責任保險之性質？,1,政府部份補貼,公辦民營,無盈無虧原則,包括軍用汽車
1,強制汽車責任保險之死亡給付金額為新台幣：,4,100萬元,120萬元,150萬元,200萬元
1,強制汽車責任保險之給付項目不包括：,4,傷害醫療給付,身心障礙給付,死亡給付,財損給付
1,下列何種情形不可向特別補償基金請求補償？,2,事故汽車全部或部分無須訂立強制汽車保險契約者,事故汽車可以查究者,事故事汽車為未保險汽車,事故汽車係未經保險人同意使用之被保險汽車。
1,強制汽車責任保險之保險人應於保險期間屆滿前何時以書面通知被保險人續保？,3,2日前,3日前,30日前,55日前
1,我國現行住宅火災及地震基本保險之承保危險事故不包括：,1,颱風及洪水,航空器落,爆炸,閃電及雷擊
1,火災及地震基本保險承保之住宅建築物係以何種基礎約定保險金額？,4,會計成本,原始取得成本,實際價值,重置成本
1,我國現行住宅火災保險對承保之建築物適用何種比例之共保條款？,4,0.05,0.13,0.18,0.6
1,我國現行住宅火災及地震基本保險不承保下列何種標的？,3,住宅玻璃,屋內傢俱,停放屋內之車輛,房屋之裝潢
1,住宅地震基本保險對建築物之賠償限額為?,4,2萬元,5萬元,10萬元,150萬元
1,"一般而言,所謂高齡者，係指老年福利法第2條規定的對象，其年齡是指在幾歲以上？",1,65歲,70歲,80歲,90歲
1,下列何人常常可能是弱勢金融消費者？,3,金融服務業商品銷售人員,大專院校教授財務投資課程的老師,身心障礙者,專業投資人
1,下列何人常常不是弱勢金融消費者？,4,高齡者,低學歷者,身心障礙者,銀行理財專員
1,業務員對於身心障礙者的投保要求應如何處理?,2,一律拒絕受理,與一般非身心障礙者相同不得有所歧視,一律勸其改投保微型保險,告以公司核保不會通過予以勸退
1,業務員應如何規劃適合身心障礙者的保險商品?,3,規劃高保費的商品，佣金也可領得多,公司核保手續較複雜，只要規劃年金保險就好,依其身心障礙種類、發生原因、目前障礙狀況等因素，規劃適當的保險商品,公司核保手續較複雜，規劃投保微型保險就好
1,業務員應如何規劃適合高齡者的保險商品?,4,規劃高保費的商品，佣金也可領得多,容易因體況影響公司核保，只要規劃年金保險就好,多半有退休金，儘量為其規劃投資型保險以獲取較高收益,考量其生活、醫療、照護等各方面費用需求，規劃適當的保險商品
1,下列何者不是普惠金融主要的照顧對象?,2,高齡者,專業投資人,身心障礙者,經濟弱勢者
1,下列何者是現行處理金融消費爭議的專責機構?,3,保險商業同業公會,保險事業發展中心,金融消費評議中心,保險職業工會
1,下列何種商品是現行法令規定提供特定身分及經濟弱勢者投保的保險商品?,1,微型保險,投資型保險,強制汽車責任保險,利率變動型保險
2,金融從業人員從事保險招攬行為，下列那一項是錯的？,4,解釋保險商品內容及保單條款,說明填寫要保書注意事項、轉送要保文件及保險單,經所屬公司授權從事保險招攬行為,可以向未經授權公司從事保險招攬行為
2,金融從業人員從事保險招攬所用文書、圖畫、廣告文宣，下列那一項是錯的？,4,應標明所屬公司之名稱,所屬公司為代理人、經紀人者並應標明往來保險業名稱,"保險代理人、經紀人所屬業務員所使用之文書、圖書、廣告文宣,應經往來保險業同意方可使用",廣告文宣之內容可任意將保險業報經主管機關審查通過之保單條款、費率及要保書文件予以更改
2,金融從業人員於保險業務員登錄後，應專為下列何者從事保險招攬？,3,自己,要保人,所屬公司,保險人
2,金融從業人員從事保險業務招攬時，對不特定之第三人散播不實言論或文宣，擾亂金融秩序，所屬公司除得停止其招攬行為，並得如何處分？,3,罰鍰處分,減薪處分,停止招攬1年,不需再作其他處分
2,金融從業人員，從事保險業務招攬時，以登錄證供他人使用，可能會受到何處分？,3,註銷保險業務員登錄,停止招攬3個月,停止招攬6個月,停止招攬1年
2,金融從業人員為客戶開戶時，下列敘述何者正確：,1,應確實徵信並了解客戶背景，對於不適合投資之客戶應予以拒絕,金融商品適合所有人士，只要有錢即可交易，所以不需了解客戶背景,期貨交易須先存入保證金，所以不需徵信並了解客戶背景,對於年收入達百萬的客戶，不需徵信並了解客戶背景
2,金融從業人員招攬證券期貨相關業務時，對於客戶折讓之要求，何者可以接受：,1,折讓至客戶本人帳戶,折讓至第三人帳戶,折讓至代理下單者之帳戶,不可削價競爭，故不可有折讓情事
2,為提供多元化之服務，金融從業人員：,4,得保管客戶之存摺及印章，以代其進行資金調度,得代客戶提領保證金以省卻客戶舟車勞頓之苦,得代領對帳單，並於日後面交客戶,應提供客戶多元化商品資訊
2,金融從業人員為客戶辦理開戶作業時：,1,應告知客戶金融商品之風險,毋須告知客戶交易風險,應告知客戶金融商品絕無風險,應告知客戶金融商品交易風險有限
2,金融服務業從事業務廣告及製發宣傳文件：,1,不得製作易使客戶誤解金融商品交易與賭博雷同之廣告,僅使用對其有利之資料以誇大其績效,宣稱金融商品交易無風險適合所有人士,得僅強調獲利，但未同時說明相對風險
2,證券商之業務人員平常執行業務，下列敘述何者為正確？,3,基於業務之便，可以任意調閱客戶資料,工作時無意間看見公司機密，基於服務客戶與利益共享，於是與客戶分享,關於客戶的基本資料或買賣證券資料，基於職業道德之保密原則，不對外洩漏,為了業務需要，業務人員可以自行製作誇大績效的文宣，以吸引並招攬客戶
2,證券商從事證券相關的金融業務廣告或公開舉辦投資理財活動，下列何者符合規定？,3,於廣告或活動資料中，僅揭示對公司本身有利之事項,利用傳播媒體從事金融商品販賣，私下自己卻反向操作,業務人員需盡量提供客戶完整且客觀的資訊，不得為了本身業績而作出傷害客戶的行為,直接推薦或勸誘客戶投資買賣個別金融商品
2,證券商之業務人員從事業務招攬，下列何者為錯誤的業務招攬行為?,2,不得對過去投資分析之績效作誇大不實之宣傳,以保證獲利的方式招攬客戶,不得對同業為攻訐,不得對不特定人以收取不相當之對價參加理財投資分析活動，以招攬客戶
2,證券商之業務人員招攬業務時，應該如何做，才能提高本身的業績？,3,自己掏錢買禮物送給客戶,勤練話術，以博取客戶的信任,培養本身的專業，以專業與誠心來面對及服務客戶,提供上市上櫃公司內線消息給客戶
2,為促進證券業遵循法規及落實金融消費者保護，下列何者為證券經紀商及其業務人推介客戶買賣有價證券公平對待客戶之正確作法?,3,考慮客戶之資金及收取佣金多寡,視向客戶收取佣金之多寡，依客戶委託資金規劃投資策略,應先評估客戶之投資能力及具備合理之資訊，並不得保證所推介有價證券之價值,使用特定利益或不實廣告利誘客戶購買不符客戶適切性的有價證券
2,依證券交易法規定，證券商非加入同業公會不得開業，而加入證券商同業公會必須簽屬會員自律公約並承諾共同信守之。下列何者是屬於證券商會員應共同信守的基本要求？,1,不得以脅迫、利誘或其他不正當方法，獲取其他證券商會員之行銷機密或其交易相對人之資料,為取得競爭優勢，不擇手段向同業大量挖角,為爭取業績，採取不合理、不正當之價格競爭行為,以自有資金與市場大戶聯合炒作股票
2,證券商之從業人員應該如何充實自己，以建立「證券專業」的形象，並以專業服務客戶？,1,藉由培養閱讀專業報章雜誌的習慣、參加相關專業的教育訓練、取得專業證照，以充實自己的專業知識,多加利用自己本身獲取的內線消息，幫助客戶賺錢,以贈品來博取客戶對自己的好感,善用自己本身的人情攻勢，來行銷商品
2,證券商從事廣告、業務招攬及營業促銷活動，下列何者為正確？,3,違背或抵觸證券法規或損害證券業信譽之廣告,冒用或使用類似大眾所熟悉之他人名號以混淆投資人,在法令規定之下，以誠實信用原則，忠實告知客戶相關商品的內容,隱匿重要事實，或其他誇大、偏頗之情事，致有誤導或欺罔投資大眾之虞
2,證券商之業務人員使用個人部落格或網站聊天室等相關網站進行與營業活動相關之行為，證券商的態度應該如何？,1,公司應負監督管理之責,公司不應干涉業務人員之個人行為,公司對業務人員個人行為不必負任何責任,公司應委託徵信公司偷偷監視
2,金融從業人員推廣業務時，下列何種行為是錯誤的？,4,推廣業務需考量客戶之投資風險承受度,推廣業務需了解客戶投資經驗,推廣經主管機關核准業務,推廣未經主管機關核准業務
2,金融從業人員推廣投資型業務時，下列何種行為是正確的？,2,為提高客戶收益，應推薦有內線消息之明牌,推介經主管機關核准之商品,為達成業績目標，推介自己都無法了解之金融商品,雖沒有合法資格，仍然從事該項推廣業務
2,金融從業人員辦理充分瞭解客戶作業，以下何種態度是錯誤的？,3,應由客戶所填資料充分知悉客戶狀況,應由客戶所填資料評估客戶狀況,請客戶隨便填一填以便歸檔備查,辦理充分瞭解客戶作業是推介商品非常重要程序
2,以下何者非為金融從業人員向不特定多數人之銷售行為？,2,於街頭發放商品廣告DM,向已簽約客戶說明商品內容,於報章雜誌刊登商品廣告,向記者透漏商品內容並請其代為刊登
2,金融從業人員招攬業務時，下列何種商品得以向不特定多數人銷售？,1,經主管機關核准之公開募集金融商品,經主管機關核准之國內私募基金,信託集合管理運用帳戶,國內私募有價證券
2,金融從業人員招攬業務時，下列行為何者是正確的？,4,得以電子郵件促銷未經主管機關核准的業務,得以網路向多數人推薦國內私募基金,為爭取業績，應極力推銷收益率最高的商品而避談風險,客戶簽約前應向客戶說明契約內容
2,金融從業人員招攬業務時，下列行為何者不宜？,4,說明財產之管理運用並非絕無風險,說明公司以往之經理績效無法保證最低收益,請客戶簽約前應詳閱說明書,片斷截取報章雜誌之報導作為促銷資料
2,金融從業人員準備促銷資料，以下何者為是？,3,引用數據、資料作為促銷資料內容時毋須註明出處,引用數據、資料作為促銷資料內容時故意隱匿不利客戶之資訊,促銷資料應載明公司相關資料,故意隱匿資料致誤導投資大眾或客戶
2,金融從業人員招攬業務時，下列何者不宜？,1,使人相信能保證獲利,以獲利招攬業務必須同時說明其風險,使用公司名稱應清楚、明確且不得誤導客戶,如涉及比較其他同業應為客觀公平之比較
2,金融從業人員對於客戶開戶之相關文件，應為何種處理：,3,可幫客戶作假,不須提供任何文件,應確實查核客戶提供相關文件之正確性,不須查證
2,金融從業人員從事業務推廣與招攬時，應秉持之原則，下列何者為錯誤？,4,誠實信用原則,客戶資料保密原則,利益迴避原則,利潤至高原則
2,有關金融從業人員之業務行為規範，下列何者為錯誤？,3,應確實告知客戶之權利與義務,須與客戶簽訂相關之買賣契約書或相關文件以供日後糾紛之確認,得與客戶私自約定或提供特定利益、對價以促銷金融商品,須告知客戶買賣之金融商品可能面臨的風險與損失
2,金融從業人員在進行商品銷售時，何者行為恰當？,4,以個人銷售獎金之高低為依歸，隱匿該商品可能為客戶帶來之風險,未依客戶要求提供詳實充份之訊息，以誤導客戶進行較不利之商品交易,未事先告知客戶，即自行採取多種商品聯合銷售之行為,詳實告知各項商品之特性、風險與報酬
2,金融從業人員於執行業務時，下列何者為是？,3,適時提供其他客戶相關的資料以供參考,應先向客戶收取保證金以避免客戶流失,向客戶提供有關公司之充分資料，應包括公司之營業地址、公司營業之種類與限制,為提供完善服務，儘可能保管客戶之有價證券、款項、印鑑或存摺
2,在開發客戶時，下列何者行為不恰當？,3,審慎客觀評估客戶之財務狀況,依客戶財務狀況，再推薦最適合客戶的商品,為積極開發客戶，忽略可能存在之風險,參酌客戶與其他金融機構往來的情形
2,金融從業人員下列行為何者為非？,2,主動提供商品相關資訊,私下接受客戶禮品及招待,寄送生日卡片,適時的電話問候
2,下列何者非為專業之金融從業人員應有之行為？,4,提供客戶良好的服務品質,提供符合客戶需求之商品,確認並瞭解客戶之需求,以自己的利益優先考量，進而侵占客戶利益
2,金融從業人員在行銷商品時應考慮？,3,行銷佣金或津貼較多的商品，以提高自己的收入,行銷高風險金融商品，以爭取業績,深入了解客戶需求，提供對客戶最有利最合適的商品,配合公司的營業方針，推展利潤高的商品
2,金融從業人員提供客戶相關建議前，下列行為何者為非,3,充分收集相關資料,審慎分析各種商品特性,無須做任何事先準備,考量客戶之經濟能力
2,金融從業人員從事業務推廣或招攬時，下列何者為非？,3,應主動推銷,應加強服務,爲達到業績，可製作較為誇張的文宣給客戶看,態度應誠懇實在
2,金融從業人員行銷商品時應考慮,2,公司的營業方針高低,顧客真正的需求,公司的獲利,自身的佣金
2,金融從業人員對於客戶於填寫相關資料時，若發現客戶有違反告知之情事應如何處理？,2,事不關己，不要理他,即時向客戶求證其真實性,協助造假,自己改正
2,金融從業人員若有發生所推薦產品與消費者需求衝突時應如何處理？,3,以公司產品為優先,將產品說成與客戶需求相同,以客戶需求為最優先原則,以自己所獲報酬為優先考量
2,金融從業人員從事行銷時，對於廣告文宣應遵守之規定？,4,對過去的業績以誇大不實之方式宣導,只報導獲利而不報導風險,勸誘客戶提前解約或贖回,應以公司名義為之，其內容應經公司核可，並符合法令規定
2,發卡機構之行銷人員從事下列行為何者不正確？,1,自行勾選未經客戶同意申請之卡片,確認客戶申請之卡片,確認客戶資料無誤才送件,確認客戶申請人本人身分，以免冒名申請
2,銀行辦理現金卡業務時，下列敘述那一項是正確的？,4,以卡辦卡,以名片辦卡,送贈品,審慎核給信用額度
2,有關金融從業人員之行銷行為，下列何者有誤？,4,應充分告知客戶產品之性質與內容,推廣文宣應清楚、公正及不誤導投資人,應遵守相關法令規定,可自行勾選未經客戶同意申請之事項
2,金融從業人員辦理授信案件時，應於何時辦理徵信？,2,視客戶交情而定,應於核貸前先辦理徵信,不需辦理徵信,視客戶是否提供酬謝金而定
2,金融從業人員執行業務時，下列陳述何者為非？,3,與客戶洽談應保持懇切之態度,應秉持公正客觀立場審查,可使用類似大眾所熟悉之他人商標，以混淆客戶,充分告知客戶應徵提之資料
2,銀行受理開戶時，下列何者為非？,4,應核對開戶人確為本人,由開戶人依約定當面親自簽名或蓋章,留存開戶人身分證影本,自行勾選未經客戶同意申請之事項
2,一位投顧從業人員告訴投資人：「你應該買台鹽股票，這支股票保證六個月內給你100％的報酬。」他違反了以下哪一原則？,1,禁止為獲利或損失負擔之保證,公平分配原則,忠實誠信原則,專業原則
2,關於金融服務業從事投顧業務製發宣傳文件敘述，何者有誤？,2,不得保證獲利或負擔損失,以非向公會登記之名稱為之,不得藉卜筮或怪力亂神方式為之,不得擾亂交易市場秩序
2,金融服務業從事投信業務者，廣告宣傳方式，包括下列何者？(I)投資說明書(II)公開說明書(III)傳單(IV)電子郵件,4,I、II,II、III、IV,I、II、IV,I、II、III、IV
2,下列何者不是境外基金投資人須知第一部份基金專屬資訊應涵蓋內容？,3,基金運用狀況（如基金淨資產組成、最近十年度各年度基金報酬率、最近五年度各年度基金之費用率等）,基金基本資料（如基金名稱、基金成立日、基金型態、國內銷售基金級別等）,有關申購、買回及轉換境外基金之方式,投資人應負擔費用之項目及其計算方式（含經理費、保管費、反稀釋費用等）
2,下列哪些金融從業人員從事投信投顧之業務推廣與招攬行為是明顯地違反所謂「公開原則」？(I)向客戶說明與分析產品特性與報酬率，但相關風險、提前贖回罰金及費用成本卻一概省略；(II)向客戶說明與分析產品特性；(III)向客戶說明與分析產品特性，並強調如投資該產品得享有稅負上優惠，卻不仔細說明是基於何種理由及內容，始得享有是項優惠。,3,"I,II","II,III","I,III","I,II,III"
2,財神證券投資信託(股)公司發行之本國募集投資海外之證券投資信託基金，廣告宣傳可用下列何種方式？,1,刊登從成立以來的全部績效資料,宣稱該區域經濟穩定成長，是絕對安全、無風險的投資環境,預計年投資報酬率可以達15%以上,預測新台幣未來還會貶值
2,下列有關證券投資信託事業以基金績效和業績數字為廣告或促銷內容之敘述，何者為非？,1,保本型基金如須採用複雜計算機制者，可無須註明,任何基金績效及業績數字均需註明使用資料之來源和日期,不得為基金投資績效預測,成立滿三年的基金，應以最近三年全部績效為圖表或曲線表示
2,大大證券投資信託(股)公司擬企劃廣告活動，下列何者非可引用之資料來源？,4,財團法人中華民國證券暨期貨市場發展基金會評選之金彝獎,台北金融研究發展基金會評選之金鑽獎,嘉實資訊,網路部落格
2,有關會員及其銷售機構從事廣告及營業活動行為規範所稱之「廣告」，何項敘述不正確？,3,以促進業務為目的,發佈新聞稿,基金收益分配公告,運用傳播媒體為工具
2,下列何者為不當的私募基金業務行為？,2,向銀行業者進行私募,向一般投資人進行私募,不得進行一般型廣告,向金融控股公司進行私募
2,下列何者不是證券投信公司的基金銷售機構？,1,票券業,證券經紀商,人身保險業,銀行
2,何者非選擇基金公司的重要條件？,3,投資研究能力強,良好的聲譽與操守,經常於媒體曝光,基金績效佳
2,金融從業人員於登錄後，應於期滿前辦妥換發登錄證手續，未辦妥前不得為保險之招攬。下列何者為登錄證之有效期間？,3,2年,3年,5年,6年
2,保險經紀人，應基於下列何者利益，代向保險人洽訂保險契約？,2,要保人,被保險人,受益人,保險人
2,金融從業人員從事保險業務招攬時依法有何義務？A.應出示登錄證B.應告知授權範圍C.提供名片,2,AC,AB,BC,ABC
2,客戶投保傷害險後由公務員退休轉為從事建築臨時工維生，金融從業人員得知後應如何正確處理？,3,與保險無關不必理會,工作辛苦危險，應規勸另覓良職,立即要求客戶向保險公司提出工作變更批改申請,立即請客戶退保
2,客戶投保後提出終止保險契約之申請，金融從業人員應如何正確處理？,4,提出違約之告訴,可拒絕之,從業人員僅從事招攬工作，故不在服務範圍之內,強制汽車責任保險除有法定原因外，不得終止契約，其他保險則應儘力解說保險重要，如仍欲終止，應同意並協助辦理
2,客戶投保住宅火險後，為增加收入而將客廳兼營火鍋小吃店，金融從業人員得知後應如何正確處理？,2,客戶仍有居住事實，故不影響,立即要求客戶向保險公司提出使用性質變更批改申請,投保當時是住宅，故只能等到保險契約到期後再說,當作不知而不處理，因不知者無罪
2,以下何者為不得從事保險業招攬之金融從業人員？,2,保險業務員,保險公證人,保險代理人,保險經紀人
2,金融從業人員於執行業務時，下列敘述何者較適當：,2,以大戶為優先服務的對象，其他客戶有時間再受理,了解你的客戶，對於不適合的客戶應拒絕之,損及客戶權益之事項如為客戶授權，仍應忠實執行不需要告知交易風險,為牟取客戶最大利益，經紀商可逕行為客戶設定獲利、停損點
2,金融從業人員受託買賣時應依下列何者確實迅速執行：,2,依客戶全年貢獻額之多寡為執行優先順序,依客戶委託時間之先後為執行優先順序,依客戶交易金額之大小為執行優先順序,以現場客戶為優先，餘依委託時間之先後為執行優先順序
2,金融從業人員於受理客戶買賣時：,1,不可以有進行對作或跟單之行為,同意客戶不需要出具授權書，可以提供帳戶供他人使用,為規避繳稅，提供自己或他人帳戶供客戶使用,為牟取客戶最大利益，逕行為客戶設定獲利、停損點
2,金融從業人員當知悉客戶有操縱金融市場之意圖時：,2,仍可接受其委託進行金融商品交易,不可接受其委託進行金融商品交易,有條件地接受其委託進行金融商品交易,經主管同意即可接受其委託進行金融商品交易
2,當知悉客戶是利用他人名義而無授權書時，從事金融商品交易：,2,如果客戶承諾補具授權書，可先接受其委託進行金融商品交易,應拒絕接受其委託進行金融商品交易,有條件地接受其委託進行金融商品交易,報經主管同意，即可接受其委託進行金融商品交易
2,喬大公司為做期貨避險，找上金融從業人員開戶買賣，下列何者為是：,3,法人不需徵信,因為期貨交易為保證金交易，不需徵信,不論證券或期貨等，業務員受託前應先對客戶辦理徵信，了解客戶背景,客戶交易目的為避險，就不需再徵信
2,張三的客戶因期貨交易失利，決定全數出金，張三應如何交付客戶剩餘的權利金：,1,以轉帳方式撥款至與客戶書面約定之存款帳戶,以轉帳方式撥款至客戶來電時指示之存款帳戶,以現金方式請客戶親臨期貨商簽收確認,以支票禁背方式請客戶親臨期貨商簽收確認
2,如客戶對金融商品無交易意願，金融從業人員為業績考量應：,2,將其從客戶名單刪除，不再提供服務,了解客戶的需求，找尋適合客戶的商品,與客戶約定損失共同承擔，勸誘交易,將客戶轉由其他從業人員服務
2,證券商之業務人員從事法令規定證券業務所為之行為，下列敘述何者為正確？,3,證券商之業務人員所為之行為屬於該業務人員個人之行為，與證券商無關,證券商之業務人員所為之行為不屬於該證券商授權範圍內之行為,證券商之業務人員所為之行為，視為該證券商授權範圍內之行為,證券商之業務人員所為之行為是否為該證券商授權範圍，應由法院判定
2,關於證券商及其業務人員從事證券業務之行為，下列何者為正確？,2,與委任人客戶為投資商品標的收益共享或損失分擔之約定,以真實姓名為客戶提供市場分析資訊,與委任人客戶有金錢借貸的來往,反向買賣其推介予客戶之金融商品
2,證券商經營營業處所衍生性金融商品業務，為提昇交易業務品質，並確保交易相對人權益，下列證券商的行為何者為正確？,3,交易相對人應承擔各種風險，證券商提供各種等級之商品供客戶選擇,交易相對人自行決定及承擔風險，不必預告商品之風險,應依據個別衍生性金融商品交易之風險特性、設計複雜度及期限等因素，評定其風險等級,各種客戶皆可為交易相對人，開完戶即可提供衍生性金融商品供客戶選擇
2,證券商經營營業處所衍生性金融商品交易業務，為提昇其交易業務品質，並確保交易相對人權益，下列證券商的行為何者為正確？,2,所有證券商從業人員皆可推薦衍生性金融商品給客戶,不得對其商品說明書等行銷文件誇大報酬或隱匿相關交易風險,隨時報告其交易帳戶的資產增減的狀態,不必對一般資深客戶進行評估
2,依現行法令規定，證券商辦理財富管理業務，提供接受高淨值客戶執行資產配置之服務，是基於何種法律關係及基礎辦理此項業務？,1,以信託方式辦理,以相互信任方式辦理,完全依客戶指示方式辦理,任由業務人員自由決定方式辦理
2,證券經紀商接受委託人客戶開戶及委託買賣有價證券，下列敘述何者為正確？,2,任何委託人客戶皆可接受其開戶並買賣有價證券,必須先與委託人客戶辦妥受託契約及開戶相關手續，才可接受其委託買賣有價證券,接受委託人客戶訂立委託契約及受託買賣，得由未登記合格之負責人、經理人及業務人員承辦之,可代替委託人客戶決定下單買賣有價證券
2,證券商之業務人員接受客戶委託買賣有價證券，應注意是否有涉及違法洗錢情事，下列何者為不正常的交易態樣？,1,由同一客戶代替或透過多個其他客戶名義或帳戶執行買賣,由客戶本人親自用電話委託買賣,客戶在營業場所當面委託買進或賣出,客戶自行以電子下單系統下單委託買賣
2,金融從業人員與客戶以簽約方式受託執行業務，以下何者為是？,3,應依主管口頭指示辦理,應依業務績效考量辦理,應依與客戶簽訂契約之本旨辦理,應依公司之最大利益辦理
2,金融從業人員與客戶以簽約方式受託執行業務，以下何者為是？,1,應依契約所定運用範圍執行投資或交易,雖非為契約約定投資範圍，應爭取市場先機先行投資,如違反契約約定，應經客戶口頭同意才可執行,如逾越契約運用範圍得於事後通知客戶
2,金融從業人員與客戶訂定契約內容，以下何者為是？,2,無論是否違法，應依客戶需求訂定契約,契約內容不得違反主管機關業務相關規定,為爭取考績，契約內容應完全依照主管要求,無論是否違法，為達到業績要求應說服客戶簽約
2,金融從業人員受託管理運用財產時，以下何者為是？,1,應依相關規定登記財產,財產應登記於從業人員名下,財產應登記於主管名下,財產應登記於公司名下
2,金融從業人員受託執行業務時所應秉持之原則，以下何者是錯誤？,1,應以達成主管交付業績目標為優先原則,應盡善良管理人注意義務,應以專業及謹慎態度處理事務,應忠實執行業務
2,金融從業人員受託管理運用財產時，以下何者為是？,2,應與自有財產共同管理,應與自有財產分別管理,應與自有財產共同記帳,應將較有利交易價格給自有財產
2,金融從業人員受客戶委託執行業務，以下何種行為不正確？,1,為客戶保管存摺或存單,執行投資人員不得兼任保管投資財產,製作正確或適當記錄,提供存摺、存單或定期投資報告
2,金融從業人員辦理管理運用客戶資產應如何處理會計報告？,3,應依照主管指示作定期報告,應依照業績考量編製獲利報告,應依照契約約定及主管機關規定作定期報告,應推測客戶預期獲益率編製會計報告
2,以下何者是正確的？,3,客戶不得請求閱覽其帳戶明細,客戶不得請求對事務處理情形提供說明,經客戶請求，應於合理營業時間內對事務之處理情形提供說明,客戶財產帳冊屬於業務機密，客戶不得請求閱覽
2,以下何種行為是正確的？,3,勸誘客戶以融資方式取得資金，轉為信託財產進行運用,要求客戶辦信用卡否則不與之簽信託契約,要求客戶填寫瞭解客戶作業相關資料,要求客戶與子公司開立證券戶否則無法接受委託投資
2,金融從業人員之職責要求，下列何者正確？,3,只照顧自己親朋好友,只照顧行員,公平對待所有客戶，而不偏袒某一客戶,只照顧VIP客戶
2,金融從業人員受託執行業務時，下列何者為非？,4,客戶利益置於公司或個人的利益之上,受託人必須揭露與客戶的利益衝突,受託人應公平對待所有客戶，不得偏袒某一客戶,受託人應以公司之利益為最高利益
2,金融從業人員提供客戶服務並維持必要的知識及技能，此為下列何者原則？,4,誠信原則,忠實義務原則,保密原則,專業原則
2,辦理客戶資產或財物的保管時應依下列何項原則辦理？,1,善良管理原則,追求利潤原則,強制公開原則,互惠原則
2,接受客戶受託執行之業務，何者得為之？,4,明顯違反相關法令規定者,收受客戶酬庸，而未損及公司利益者,未經主管機關核准承辦之業務活動,符合相關法令規定，且業經主管機關核准之業務
2,下列何者行為有誤？,1,將客戶私下轉介於其他同業或交易商,依公司及相關法令規範，執行客戶所託之業務,事先與客戶簽訂受託執行業務範圍之約定書,誠實告知客戶受託業務執行之結果
2,金融從業人員不應該有下列何種行為？,1,以職務上所知悉消息，告知第三人,不得利用客戶名義或帳戶，為自己或第三人買賣,不得有隱瞞、利誘客戶之行為,接受客戶委託買賣時，不得以自己之計算為買入或賣出之相對行為
2,溢收客戶新台幣壹佰元，但是已聯絡不到客戶，請問下列處置何者正確？,4,捐給慈善機構,交給主管,充當公費,掛在帳上
2,金融從業人員進行徵授信業務時，下列何者為非？,4,徵信時須詳實審查客戶財務及信用狀況,利害關係人授信須符合法令規定,定期辦理覆審,為達成自身績效，可忽視授信客戶可能潛藏之倒帳風險
2,在接受客戶委託時，應將誰的利益置於其他利益之上？,1,委託的客戶,公司,自己,其他大客戶
2,金融從業人員基於職業道德應如何對待客戶，下列何者行為是不對的？,3,公平對待所有的客戶,將客戶的利益置於公司利益或員工利益之上,將公司利益或員工利益置於客戶的利益之上,以客戶最高利益行事
2,下列何者屬善良管理人之原則？,1,為客戶適度分散投資風險,集中購買單一投資商品,以高獲利高風險商品為推介目標,未告知投資風險
2,金融商品風險高低不同，對屬於保守型之客戶，從業人員應推薦之商品為何？,1,穩健保守型商品,高風險高報酬商品,目前公司主力推薦之商品,公司所有之商品
2,金融從業人員幫客戶遞送契約或申請書時，發現客戶於文件上遺漏簽名，下列行為何者為非？,2,通知客戶至公司營業場所親自補簽,不用通知，自行幫客戶簽名,親自送自客戶家中，請客戶親自補簽,與客戶於約定地點，送請客戶親自補簽
2,金融從業人員辦理投資型金融商品之推介或銷售業務時，應遵循下列何者事項？,1,應廣泛了解客戶，以期精確銷售或推介適合客戶之商品,應以從業人員自身利益為優先考量,儘量使用類似大眾所熟悉之他人商標，混淆客戶以提升業績,可利用公司內部資訊擅自為自己進行交易而謀取利益
2,有關金融從業人員辦理全權委託業務，下列陳述何者有誤?,2,不得從事足以損害委任人權益之交易,得對無權過問之同仁洩漏客戶資料,不得違反契約、內部作業規範、內部控制等行為,不得為與委任人有利益衝突之第三人從事代客操作業
2,金融從業人員辦理衍生性商品業務時，應遵循下列何者事項？,4,可幫助客戶遞延、隱藏損失,可幫助客戶粉飾財務報表,可幫助客戶提前認列收入,不得利用衍生性商品幫助客戶遞延、隱藏損失或虛報、提前認列收入等
2,有關金融從業人員辦理衍生性商品業務，下列陳述何者有誤?,4,應充分告知投資人產品所涉風險,應向投資人說明產品之可能最大損失,應加強對非專業善意投資人之保護措施,應以從業人員自身利益為優先考量
2,金融從業人員辦理催收業務時，下列行為何者為非？,4,應對債務人表明身分,不得有脅迫、辱罵債務人之不當收債行為,不得對第三人進行催討,得向債務人收取額外費用
2,金融從業人員辦理衍生性商品業務時，不應有下列何種行為？,3,於交易契約中揭示可能發生之風險,對客戶善盡風險告知義務,誤導客戶之情事,提醒客戶承作商品之重要注意事項
2,金融從業人員受理開戶時應由客戶提供應備之證件核驗，如客戶拒絕提供者，下列何者行為是不被允許的？,2,應予婉拒受理,仍予受理以提升業績,經確實查證身分屬實後始予辦理,應與客戶充分溝通，請客戶配合證件核驗
2,下列所述金融從業人員辦理全權委託業務應廣泛了解客戶之事項，何者有誤？,3,投資需求,投資經驗,是否提供餽贈,財務狀況
2,有關金融從業人員辦理全權委託業務，下列敘述何者為非？,1,對於客戶資料，沒有保密之義務,不可誤導客戶不正確之價值及理財觀念,應充分告知客戶產品之性質與內容,應避免不當銷售或推介之行為
2,有關金融從業人員辦理全權委託業務，下列敘述何者為非？,3,應遵守相關法令規定,不可利用委任人之交易帳戶，為自己交易,可將委任操作契約，轉讓他人,不可將已成交之買賣委託，由委任人名義改為其他第三人
2,王大明是一位證券分析人員，因為在餐廳吃飯時偶然聽到日日紅公司員工的談話，回辦公室後就把分析報告中對日日紅公司股票的建議由買進改為賣出。王大明違反了什麼原則？,3,保密原則,公平原則,專業原則,忠實誠信原則
2,金融從業人員為提供投資人良好的服務，下列敘述何者有誤？,3,應瞭解並遵守相關法令之規定，不得有違反或幫助他人違反法令之行為,應確實掌握客戶之資力、投資經驗與目的，以提供適當之服務，謀求客戶之最大利益,應盡善良管理之責任及注意，代客戶保管有價證券或其他資產,應妥慎保管客戶資料，禁止洩露機密資訊或有不當使用之情事
2,金融從業人員從事保險業務招攬時，於下列何者情形不負通知義務?,1,為他方所知者,為他方所不知者,已發生者,自己所知者
2,保險商品銷售時，下列何者應於保險商品簡介及要保書首頁之明顯處，以鮮明字體標示。,1,查閱公司資訊公開說明文件之方式,公司總經理,公司地址,保險費率
2,金融從業人員招攬保險時應出示：,2,身分證,登錄證，並詳細告知授權範圍,駕照,保險證
2,金融從業人員招攬保險業務時應告知要保人投保應注意事項，下列何者為非？,2,要保人親自填寫並簽章,如何逃稅,若要保人或被保險人為未成年人，需經其法定代理人同意，並於要保書上簽章,應據實說明
2,金融從業人員對保險要保書的各項詢問說明，應如何要求客戶？,4,可避重就輕,就個人隱私可不必回答,可任由其自由回答,應據實說明
2,金融從業人員為客戶解說開戶文件時，以下敘述何者正確?,2,避免提及交易風險，以免嚇跑客戶,必須告知相關交易流程,先請客戶簽署開戶契約，日後有機會再向客戶詳細解說,告知客戶交易的最大風險僅限於手續費
2,金融從業人員在向客戶預告交易風險時，以下敘述何者正確?,4,買空賣空交易最適合家徒四壁的人，因為可以一夕致富,建議客戶萬一面臨追繳時，可以先以信用卡預借現金向銀行週轉應急,告知客戶交易的最大風險僅限於手續費的損失,提醒客戶當行情劇烈波動時，其本金有可能完全損失
2,交易人張三於週一透過某金融服務業完成一筆金融商品交易，以下敘述何者正確?,1,該金融服務業應依規定製作一份對帳資料，寄送給小王,張三先前已通知該金融服務業，日後毋須寄送交易報告書，故該公司可不必印製該份報告書,為節省作業成本，未經約定一律以電子方式寄送交易報告書,依客戶要求決定寄送與否
2,交易人張三以電話委託某金融服務業進行金融商品交易，以下敘述何者正確?,1,該金融服務業接單之業務員，應在電話中覆誦張三的委託內容，無誤後再填寫委託書交付執行,成交後，由該金融服務業接單之業務員，以電話向張三進行成交回報並錄音即可，毋須再寄送交易報告書給張三,該金融服務業應將張三之交易報告書，依張三之電話指示交付或寄送，不必依契約約定方式進行,該金融服務業已向張三進行成交回報及寄送交易報告書，善盡充分告知之義務，因此毋須再定期交付或寄送對帳資料給張三，避免浪費資源
2,金融服務業對客戶有告知義務與通知責任，下列敘述何者正確?,1,應對須告知及通知事項儘速忠實告知,可自行事先與客戶約定代為處理，毋須另行通知,若主管指示毋須告知，則不告知客戶,只告知有利於客戶之事項
2,金融從業人員向客戶進行顧問業務招攬行為時，下列敘述何者妥適?,2,提供精美贈品，勸誘客戶當場簽約及繳付顧問費用,應提供客戶合理之契約審閱期間,可向客戶提供金融商品明確之價位預測，以博取客戶之好感，有利於日後簽訂委任契約,以某位簽約客戶最近1星期內獲利20﹪之個案，作為宣傳之主要訴求
2,金融服務業於接受客戶委任簽訂全權委託契約前，下列那一事項毋須先向客戶說明?,4,公司之背景,每一位交易決定人員之學經歷與操作績效,某位客戶控告公司不當運用其所存入之委任資金，一審判處公司勝訴，但客戶不服上訴，目前仍在法院審理中,金融商品於特定價位買賣保證獲利
2,某金融服務業甲之交易決定人員李經理，預計於農曆年後跳槽至乙公司任職，下列敍述何者正確?,3,李經理通知所有委任客戶，與甲公司辦理解約，並於過完年後委由乙公司全權處理交易事宜,李經理直接將所有委任客戶之帳務，轉交另一位交易決定人員吳經理繼續處理,甲公司事先告知委任客戶，並由委任客戶決定是否與甲公司解約，或同意委由其他交易決定人員繼續操作,李經理將所有委任客戶之留倉部位予以平倉，結算損益，並靜待委任客戶決定是否解約或同意委由其他交易決定人員繼續操作
2,若原服務客戶之業務員離職，但客戶仍有未完成之委託事項，則接任之業務員，何者作為較適當?,1,告知客戶，由其處理未完成之委託事項,不須通知客戶，自行處理未完成之委託事項,待客戶察覺再告知，否則毋須告知,客戶察覺亦毋需告知，以避免客戶流失
2,為防範利益衝突及保護營業秘密，證券商之董事、監察人及受僱人員等內部人員獲悉承銷部門出售其包銷取得之股票或自營部門欲為買賣股票種類者，下列敘述何者為正確？,1,於承銷部門出售或自營部門買賣前，不得為同種類股票之買賣委託,為服務客戶，立刻將此消息告知主要客戶先為買賣同種類股票,自己或通知親朋好友先為買賣同種類股票,立刻報告直屬主管因應處理
2,證券商之業務人員發現客戶的交易資料有異常時，應該如何處理？,2,為了避免上級責怪，自己私下改正,一方面告知主管，另一方面則與客戶做確認,與客戶確認即可,若不影響整體作業的流程，為了避免麻煩，可以忽略它
2,對於證券商之業務人員執行業務而言，下列敘述何者正確？,3,為了自己前途著想，可以把A公司機密帶去B公司，以獲取更高的職位,只要不要太張揚，可以利用公司未公開的資訊，以家人的戶頭投資來獲利,若遇總體經濟環境不佳等因素，使得客戶資產的規模縮水，基於善良管理原則，仍要告知客戶,有時接受供應商的招待，也算是一種正常的交際活動
2,證券商辦理財富管理業務，對客戶之收費應如何處理？,2,列為公司機密,提供財富管理服務實際收取之手續費、推介銷售商品獲取之佣金及其他名義費用向客戶充分告知,將牌告之收費標準充分揭露,客戶有詢問時才告知大概情形
2,證券經紀商接受客戶委託買賣有價證券，於成交後，證券業務人員應即時回報客戶，作成買賣報告書交付客戶，每月編製對帳單分送客戶，其主要目的為：,3,增加公司員工的工作內容,創造社會的工作機會,確認交易及買賣委託之完成,維持與客戶的友好關係
2,金融從業人員處理事務應盡善良管理人之注意義務，下列何者為錯誤的行為？,3,告知客戶投資運用之風險,告知客戶應給付相關款項及費用,未告知客戶處理業務有利益衝突,告知客戶公司相關資料
2,金融從業人員處理管理運用業務如涉及有價證券之投資應揭露風險，以下何者為錯誤的？,2,應依產品特性揭露投資風險,屬信託財產運用範圍無須揭露風險,應於交付客戶之公開說明書中揭露風險,應揭露業務所涉及之各類風險
2,金融從業人員告知客戶投資風險，以下何者為是？,3,無須提供相關書面資料,應代為填寫瞭解客戶作業之資料,以招攬業務必須同時說明其風險,太複雜之投資風險無須告知
2,金融從業人員辦理業務，對於報酬及費用之告知，以下何者是錯誤的？,1,無法說明之報酬及費用，應由客戶詢問再行告知,應告知客戶各項相關報酬及費用及其收取方式,相關報酬及費用之收取應秉公平與誠信原則,辦理業務前或同時應告知客戶
2,金融從業人員為客戶管理運用資產應告知客戶相關資訊，以下何者為錯誤的？,2,應定期告知財產目錄,應將客戶之資產運用情形告知其他客戶,應定期告知財產損益情況,應定期告知財產管理運用紀錄
2,金融從業人員以電子媒體方式與客戶聯繫業務，下列何者是錯誤的？,1,應逐案先經主管機關核准,應確保傳輸安全,應確保收受者確實收受聯繫之內容,應先取得客戶同意
2,依法令規定應於提供客戶相關文件中揭露風險警語，下列何者無須揭露警語？,2,行銷文件,印鑑卡,公開說明書,投資說明書
2,金融從業人員應提供客戶充足且必要之資訊，須告知客戶投資之風險及其所從事投資之決定或交易過程。此為以下何項原則？,1,資訊公開原則,能力原則,保密原則,客觀性原則
2,金融從業人員應秉持下列何種原則以提供客戶充足必要之資訊，告知客戶投資之風險及從事投資決定或交易過程之相關資訊，並向客戶快速揭露最新之資訊？,2,專業誠信原則,資訊公開原則,善良管理原則,守法原則
2,金融從業人員面臨市場競爭時，何者不是正確的表現？,3,告知承作短期票券或債券交易之客戶，市場利率近期之波動情形,誠實告知客戶，公司及同業之間金融商品報價之差異,為達公司獲利目標，不擇手段欺瞞客戶所有訊息,針對客戶屬性，建議其承作短期票券或債券之交易
2,何者不是身為專業金融從業人員之表現？,1,在考量公司及自身利益下，不須告知客戶其可能面臨之投資風險,客觀分析適合客戶屬性之投資商品,告知客戶所需之各項商品風險與報酬,當客戶投資標的產生劇幅波動時，主動告知
2,若有客戶詢問某項商品資訊時，下列何者為不恰當行為？,1,拒絕提供或隱瞞市場上相關商品之訊息,在自身專業能力內，提供客戶該項商品之完整資訊,客觀分析該項商品可能面臨的風險,主動積極提供相關商品之資訊
2,從業人員提供客戶充足必要的資訊，告知客戶投資的風險及從事投資決定或交易過程之實質資訊等，是屬於下列何種職業道德原則？,2,客觀原則,資訊公開原則,利益衝突原則,保密原則
2,有關公司之重大訊息，應：,2,於公司未公開前提供給客戶,基於合法方式取得後提供給客戶,於公司未公開前促使他人利用該訊息獲私利,將此訊息運用於非法用途上
2,從業人員接受客戶的委託後應符合資訊公開原則來提供服務，何謂資訊公開原則？,1,提供客戶充足必要、投資可能的風險及投資決定等相關資訊,為提供最佳的服務，可將所有的資訊均反應給客戶,將所有未公開的資訊提供給客戶作內線交易,將客戶的資料提供給相關合作廠商
2,金融從業人員行銷商品時，應,4,一味地促銷商品,批評他公司之商品,重要事項先不予告知,主動並詳細說明此商品之特性及應注意事項
2,下列何者行為是金融從業人員的職責？,1,讓客戶充分了解商品內容,隱瞞不利銷售的條件,特別強調商品的獲利率,避談商品的風險
2,金融從業人員提供充足必要之資訊，告知客戶投資之風險及從事投資決定或交易過程之資訊，不包括？,3,交易標的投資風險,交易標的之市場流通性,其他銷售公司之獲利能力,投資所收取之費用
2,金融從業人員於推介或銷售投資型金融商品時，應採取下列何者作為，以確保客戶了解商品性質與可能面臨之風險？,1,應充分了解客戶，審酌客戶年齡等情況予以推介或銷售適當之金融商品，並善盡充分告知投資風險內容之職責,誇大金融商品之可能報酬，並勸誘客戶以借款、舉債等方式從事理財投資以增加業績,待客戶要求再告知投資商品可能之風險，否則毋須主動告知,為避免客戶流失，僅告知投資可能之利益，毋需告知投資風險
2,金融從業人員遇有客戶遺留印鑑、存摺及已蓋章之空白取款條等憑證文件時，應如何處理？,2,私自代客保管,立即交由金融機構指定人員妥善保管,為避免糾紛，不予處理,逕行銷燬
2,發發投顧公司透過電腦選股每日提供前五大飆股名單給客戶而不告知任何理由或原因。發發公司有無違反告知義務？,1,有,無，因為報告只對特定人提供,無，因為系統經多年驗證，並非怪力亂神,無，因為涉及公司之智慧財產權，可不提供給客戶
2,以下有關金融服務業從事投信業務對客戶收費資訊之陳述，何者有誤？,3,應向客戶揭露收費之基準及數額,所有會影響對客戶之收費或將調高之做法，都應符合公平誠信原則,向所有客戶收取的費用都必須一樣,調高費用者，應於與客戶協議書中揭露，並於定期表件中彙報
2,購買基金之客戶要求投資信託公司揭露其財務狀況，公司人員應採取何者措施？,2,得拒絕提供任何資料,不得拒絕提供可公開之財務報表資料,公司人員視情況隨興提供資料,只提供口頭說明資料
2,基金通路報酬之揭露原則為何？,1,依基金別揭露,依公司別揭露,依註冊地別揭露,不必揭露
2,金融從業人員於保險業務招攬時，對於被保險人所填要保書，下列何者正確？,2,於空白要保書簽名即可,要求被保險人親自填寫並簽名,實務上可代填不用簽名,口頭允諾即可不用填寫
2,金融從業人員從事保險業務招攬時，對被保險人因連續高額投保，與其固定收入顯不相當時，應如何處理？,3,盡速收取保費,維護客戶投保權益,了解其動機，若有不良企圖應予以規勸導正,只要保險公司同意即可
2,金融從業人員收取保險費後下列何者行為是正確的？,1,立即繳交保險公司,累積一定數量後整批繳交可提升效率,避免遺失可以轉用自己支票或信用卡繳交,可由賠款扣抵
2,金融從業人員從事保險業務招攬時，下列何者行為或觀念是錯誤的？,2,業務人員對於商品應充分了解,惡性殺價是市場競爭正常行為,對被保險人應作適當的商品規劃,各項權利義務須詳細說明清楚
2,金融從業人員從事保險招攬業務時，下列何種行為是正確的？,2,為節省客戶費用，提供錯價、放佣,詳實說明客戶依保險契約的權利義務,為增加業務人力，無須所屬公司同意即可招聘人員,其他國家的商品對客戶較為有利，因此雖然未經我國主管機關核准或備查，仍可向客戶推銷
2,金融從業人員提供保險理賠服務下列何者是正確的？,1,提供專業之服務協助，並請申請人據實填寫理賠申請書,提供專業之服務協助，並代填寫理賠申請書,理賠金額可任由申請人要求給付,允諾客戶一定可獲公司理賠
2,發現保險單錯誤記載時，金融從業人員應如何處理才屬正確的？,2,只要要保書填寫正確即可,立即送回保險公司更正或重新製作保單,保險從業人員於錯誤處更正後，簽名即可,錯誤處未達三個，可不必更正
2,金融從業人員於保險業務招攬時，不慎對商品作出不正確之解釋，應如何正確處理？,3,不影響，因口說無憑,口述僅供參考，一切以要保書或文宣為準,立即對客戶提出更正及正確解釋說明,認知不同，難以斷定錯誤與否
2,金融從業人員從事保險業務招攬應以何種態度經營及建立客戶群？,1,專業誠信之態度,得過且過之態度,業績至上,自身利益優先
2,金融從業人員發現客戶需求與其公司所提供保險商品有落差時，應採取下列何種作為？,3,不擇手段，爭取業務,避重就輕，轉移焦點,誠實面對，據實說明,藉巧妙說詞掩蓋事實
2,金融從業人員於保險業務招攬時，得要求要保人履行據實說明義務，係屬下列何種原則？,4,損害補償原則,保險利益原則,主力近因原則,最大誠信原則
2,金融從業人員張三因疏忽未依客戶指示買賣，結帳時才發現錯誤，下列哪一種處理方式較正確?,3,請客戶念在多年交情，承認該筆交易,視損益情況，如果獲利可不用處理,"誠實告知客戶及公司,協商解決方法",將錯就錯，等客戶發現再處理
2,金融從業人員面臨客戶交易虧損時，如何處理才適當?,4,保證與客戶共同承擔損失,竄改客戶交易資料、美化帳單,為免責備、避不見面,以誠懇的態度告知客戶實際狀況
2,金融從業人員因個人疏忽，未在申購截止日前向公司提出客戶之商品申購書，下列何者敘述為正確處理態度?,2,"銷毀客戶的申購書,假裝沒有這回事","誠實告知客戶及公司,協商解決方法",宣稱已繳件，推諉是收件經辦遺失申購書,視客戶態度來決定避不見面或告知協商
2,金融從業人員應忠實執行客戶之委託，下列敘述何者正確?,4,客戶的委託損及其權益，仍然忠實執行不用告知,A客戶口頭表示想跟隨B客戶的買賣，即應確實代A跟單,未經確認客戶之委託內容即逕行代其買賣,確實明白客戶的指示內容才執行委託，避免犯錯
2,金融從業人員於受託執行業務時，下列何者非禁止行為?,1,教育客戶利用電子系統買賣，以爭取買賣時間,如客戶業務繁忙，請其事先在委託書蓋章，再代理買賣,代客戶領取密碼,為節省時間，先替客戶買賣，結帳後再請客戶填寫買賣委託書
2,金融從業人員為能使客戶儘速交易，下列行為何者可接受?,2,先行開戶交易，如有缺件後補,事先告知客戶備妥開戶所需證明文件,接受未經授權之代理開戶,代理客戶辦理開戶作業
2,下列何者為金融服務業之開戶經辦應有之服務態度?,4,依當天心情決定是否完成客戶開戶手續,只幫交情好的業務員辦理客戶開戶,將自行來開戶的客戶介紹給業務員代操,為客戶詳細解說開戶程序並交付相關文件
2,客戶李四有一筆定存500萬元到期，欲從事商品投資，金融從業人員應：,2,建議李四申購高額手續費之商品為自己賺取獎金,依李四需求，建議客戶申購適合自己的商品,視公司本月主推商品為何，建議李四申購該商品,如這個月已達到業績目標，勸誘李四下個月再申購
2,下列何者是證券商之業務人員執行業務公平對待客戶應秉持的原則？,3,優先考慮自己的業績,協助客戶炒作股價,應本誠實及信用原則,完全維護公司利益
2,下列何項屬於證券商從業人員的忠實誠信原則？,1,掌握客戶之資力、投資經驗與投資目的，提供適當之服務，並謀求客戶之最大利益，不得有誤導、詐欺、利益衝突或內線交易之行為,對客戶的要求與疑問，適時提出說明無論和現有客戶、潛在客戶、雇主或職員進行交易時，都必須秉持公正公平且充分尊重對方,持續充實專業職能，並有效運用於職務上之工作，樹立專業投資理財風氣,妥慎保管客戶資料，禁止洩露機密資訊或有不當使用之情事
2,對證券商及其業務人員而言，下列何者屬於「正當利益」？,1,佣金收入,私下收受一袋的黃金,私下收受供應商的回扣,與客戶間私下簽約的利益
2,證券商之業務人員執行業務應本誠實及信用原則下列敘述，何者為正確？,4,考量客戶的身體不好，當管理資產發生減損時，選擇不告知,為了獲取更高利益，可以私下與客戶訂立契約,對客戶作贏利之保證或分享利益之證券買賣,受理辦妥受託契約之客戶買賣有價證券
2,證券商之業務人員執行業務應本誠實及信用原則，下列何者為其本於職業道德而不得有之行為？,2,依據法令規定執行業務,招攬、媒介、促銷未經核准之有價證券或其衍生性商品,依據客戶委託事項及條件，執行有價證券之買賣,受理客戶本人開戶
2,金融從業人員應忠實執行業務，以下何種行為是錯誤的？,2,不得因執行業務而享有個人不當利益,故意設計交易行為以掩飾利害關係人交易,不得對客戶有虛偽、詐欺行為,不得對客戶有足致客戶誤信之行為
2,金融從業人員從事信託業務，以下何種行為是錯誤的?,2,具運用決定權人，如有不法之利益時，應拒絕投資運用,提供客戶內線交易訊息,明知不適當之投資，不得故意建議客戶投資,有不法利益，不得故意建議客戶進行交易
2,金融從業人員為客戶管理運用財產，管理運用之利益應如何處理？,1,不得以任何名義享有利益,得與他人交換而享有利益,得與客戶以代付差旅費方式分享利益,得與客戶約定收益共享或損失分擔
2,金融從業人員執行業務，以下何種行為是正確的？,4,有偽造之行為,有詐欺之行為,有足致客戶誤信之行為,應秉忠實信用原則處理事務
2,金融從業人員執行業務何種行為符合誠實原則？,3,對於客戶未來投資報酬，故意提供不適當之預測,誤導客戶可能之績效,對所投資產品之價值正確詳實記錄,誤導客戶所投資運用標的之風險
2,以下敘述何者為非？,3,信託關係是高度信賴關係，客戶辦理業務首重公司信用,委託投資關係有賴客戶對公司管理資產能力之肯定,辦理業務應先爭取業績，無須告訴客戶相關風險,辦理業務應維護消費者權益
2,應以誠信之態度提供專業服務，誠信係由誠實與公正所組合，不能附屬於個人利益，以上敘述屬於何項原則？,2,資訊公開原則,誠信原則,客觀性原則,能力原則
2,金融從業人員對不當利益應：,3,可接受招待,不可收現金，有價證券則不限,不得接受,可收禮品
2,下列何者為金融從業人員應有之行為？,4,私自從事未經主管機關核准之業務,故意隱瞞有重大喪失債信情事,隱匿尚有未執行完畢之刑事責任,不得私自於同業兼任相關職務
2,金融從業人員與客戶間之往來：,1,不得接受禮品或收取任何有價值物品,可收禮品,可收現金,可收現金及禮品
2,金融從業人員應遵守忠實義務原則，故：,2,仍可從事內線交易,禁止短線交易，禁止不當得利,應與客戶發生衝突,不一定要遵守法規
2,金融機構對交易對手承諾事項負有進行交易之義務，係基於下列何種原則？,3,專業原則,保密原則,忠實誠信原則,管理謹慎原則
2,對公司有控制能力之法人股東，應訂定相關之執行職務守則以為遵循，此為擔任董事、監察人之何種義務？,1,忠實與注意義務,保密義務,善良管理義務,守法義務
2,對公司有控制能力之法人股東或其代表人，於參加股東會應本於何項原則，行使其投票權？,1,誠信原則,能力原則,善良管理原則,守法原則
2,金融從業人員應遵守善良管理原則，故應盡善良管理人之責任及注意義務。以下何者為是？,4,不管客戶風險,不提供客戶服務,對客戶說謊,為客戶適度分散風險，並提供最佳之專業服務
2,關於金融從業人員執行業務時，下列敍述何者正確？,3,勸誘客戶解約他公司之商品,將他公司之商品作不公平之比較,不散播不實言論及文宣,販售非經主管機關核准之商品
2,金融從業人員若有代為收付金錢之行為者應遵守下列何項行為規範？,2,收現但轉以自己之支票付款,收到客戶款項應馬上歸繳公司,收到隔幾天再給公司,存於自己帳戶再處理
2,金融從業人員銷售無形的金融商品，因商品無樣品可試用，必須透過從業人員說明，下列敘述何者為非？,3,對商品內容應多做說明使客戶了解,應遵守誠實信用原則,商品已售出，可以不必再理會客戶,不斷地充實本身的專業知識，提供更好的服務
2,金融從業人員對於公司之相關資產，不應採取何種態度？,1,以非法手段取得後成為私人財產,使用於正當目的,無論有形或無形資產皆有責任加以保護,不得疏忽大意或浪費
2,金融從業人員在銷售金融商品時，應對銷售之商品詳細說明，不得為業績而隱藏不告知金融商品應有之風險，係屬何種原則？,1,誠實信用原則,內線交易原則,服務原則,善良風俗原則
2,金融從業人員對於客戶資料，不應有下列何種行為？,4,妥為保管,不得出售,應有保密之義務,提供同業參考
2,金融從業人員對於客戶資料處理方式，以下何者為非？,3,不得對外任加討論,不得任意對外發表,得對無權過問之同仁洩漏,不得擅自利用客戶資料為自己進行交易而謀取利益
2,金融從業人員應依何項考量辦理徵信？,1,誠信公正原則,個人好惡,公司規模大小,政商關係良好與否
2,金融從業人員辦理全權委託業務應遵守事項，下列敘述何者為非？,1,得向顧客收受不當佣金、酬金,應避免不當銷售或推介之行為,不得向他人出售、洩漏客戶資料,應遵守相關法令規定
2,金融從業人員應尊重消費者合法權益，當其權益受到侵害時，應如何處理？,3,不予受理,請客戶自行負擔損失,秉誠信原則妥適處理,應視與客戶之交情決定受理與否
2,金融從業人員在向客戶推介或銷售金融商品時，以下敘述何者有誤？,4,不得委託無相關金融證照之人員從事之,應審酌客戶年齡等情況予以推介或銷售適當之金融商品,善盡充分告知投資風險內容之職責,為賺取佣金，儘量勸誘客戶於短期間內，以多次贖回、再申購金融商品之方式
2,依據忠實誠信原則，下列哪一項非投信投顧從業人員執行業務時應有的行為？,4,遵守契約規定,以善良管理人之注意義務本誠實信用原則執行業務,考慮客戶的財務狀況適度分散投資,依所有人的最佳利益行事，包含客戶、公司及股東
2,發發證券公司向基金經理人小王表示，如果在該公司下單量三個月內成長兩成，將免費供其使用在陽明山的渡假別墅一星期。小王完整向公司報告了這件事，三個月後在發發證券的下單量成長達到了兩成，小王於是接受了這個渡假邀約。小王有違反忠實誠信原則嗎？,1,有，小王是基金經理人不得接受證券商退還之手續費或其他利益,沒有，因為這不是金錢餽贈,沒有，因為他已經向公司報告,沒有，因為他可以接受第三人提供的間接利益
2,李四是一位證券分析師，於電視上向觀眾分析產業趨勢時，宣稱他取得國外某知名大學商學院MBA學位，但事實上，李四僅於該校取得商學院學分課程，且真實學歷僅限於國內大學經濟系學士學位。試問李四違反以下哪一原則？,4,專業原則,保密原則,公平競爭原則,忠實誠信原則
2,金融從業人員發現保險商品條款涉及被保險人利益之解釋，如有爭議時，應如何處理？,2,作有利保險公司之解釋,作有利被保險人之解釋,以訴訟方式處理,不需理會
2,金融從業人員從事保險業務招攬時，其利益與客戶之利益無法兼顧面臨取捨時，從業人員應如何處理？,2,以自身利益為重,給予客戶專業分析，爭取合理之利益,以達成公司要求為準則,以客戶意見為準，忽略自身之專業
2,金融服務業推動重點業務或專案，不符客戶或從業人員之利益時，從業人員應採取之態度？,4,消極抵抗,設法將利益移轉給客戶,不合則去,勇於建言，提供個人專業意見
2,金融從業人員招攬業務時遇市場對手競爭時，應保持如何態度？,2,惡意攻訐同業,以平常心，給予客戶專業建議,刻意扭曲，陷人錯誤判斷,隱惡揚善，規避責任
2,金融從業人員同時具有核保及理賠人員資格者，是否可同時擔任二者職務？,3,可以,只要所屬保險公司允許則可,僅得擇一擔任，以避免利益衝突,依其個人意願
2,金融從業人員同時兼有保險代理人、經紀人資格者，是否可同時申請二者執業證書？,2,可以,為避免利益衝突，僅得擇一,視情況而定,依其個人意願
2,金融從業人員為公司內部人員執行證券期貨經紀業務時，為避免利益衝突：,2,應優先執行公司內部人員之委託,應依公司內部人員及客戶委託時間之先後順序執行,應依委託金額多寡決定執行順序,應由金融從業人員自行決定
2,張三因職務得知公司即將與某公司合併為一則大利多消息，下列何種行為較適當：,4,利用他人名義大筆買進公司股票,私下告知客戶該項訊息，使其蒙利,以配偶名義大筆買進公司股票,在消息未公開前或公開後18小時內，不得自行或以他人名義買入公司股票
2,金融服務機構之自營部門與經紀業務部門：,1,應個別獨立作業，且業務資訊不可互為流用,不須個別獨立作業，惟業務資訊不可互為流用,應個別獨立作業，惟業務資訊可互為流用,不須個別獨立作業，且業務資訊可互為流用
2,當金融從業人員張三的客戶在未告知其不滿的情況下，轉向李四交易時，張三應：,3,醜化客戶，告訴李四，該客戶是位麻煩人物,聯合其他同事排擠李四，讓李四離職,試圖了解原因並虛心改進，以提升服務品質,醜化李四，向主管告狀，宣稱李四行為惡劣
2,金融從業人員張三這個月的業績只差500萬元就達到業績目標，為能達到門檻領到目標獎金，張三應採用下列何種方式較為適當：,4,勸誘客戶李四申購商品並保證獲利,商請另一位從業人員轉單給自己，約定獎金分享,借用客戶名義申購商品，領到獎金再贖回,積極拓展業務、爭取客戶，以達到業績目標
2,金融從業人員因職務關係獲悉足以影響金融商品價格未公開之重大消息時：,1,應即以書面報告並列管保密,應廣為眾知，造福親朋好友,應立即為客戶交易，牟取其最大利益,應立即利用他人名義交易，牟取個人最大利益
2,金融從業人員執行業務時，下列敘述何者不當?,1,應善加利用職務所得訊息，為本身牟取利益,不以職務所得訊息，為本身牟取利益,應以客戶利益優先，不以個人業績為考量,不以本身利益仲介客戶從事非法交易
2,金融從業人員獲悉已影響相關客戶利益之訊息時：,4,依客戶之重要性決定是否通知,依與客戶之交情決定是否通知,不須做任何處理,應盡可能公平合理的通知每一位客戶
2,下列何者不是金融服務事業之從業人員關於職業道德的基本條件？,3,法令規章遵循,專業之資格、技能、態度、與服務,擅長交際應酬,品德、誠信、責任、與保密
2,若發生金融服務業之業務人員對其與客戶之利益衝突或不同客戶間之利益衝突情事時，應如何處理：,2,以個別客戶對公司之貢獻度為依據,以契約約定為依據,以多數客戶之利益為依據,以損益標準為處理原則
2,在證券業所提供的業務服務過程中，下列那種情事不屬於利益衝突的範圍？,2,提供金融商品與服務給客戶，而它與公司有直接或間接之不合規利益,符合法令之公開股票交易,未經公司同意，擅自雇用自己的親友在公司任職,在公司以外自行開業或任職
2,防止利益衝突是從事金融服務業職業道德的要項，利益衝突若以代理制度來解釋，是指那兩方面的人發生利益衝突？,2,受益人及受託人,受託人及委託人,受益人及委託人,受託人及經理人
2,防止利益衝突是從事金融服務業職業道德的要項，在利益衝突當中若與親屬牽涉到關係，當中的親屬不包括：,4,子女,父母,配偶,房客
2,防止利益衝突是從事金融服務業職業道德的要項，下列何種狀況屬於利益衝突的問題？,1,經辦人員常常接受供應商招待、私下收受回扣,員工有轉換跑道的打算,有親戚朋友在同業任職,參加同業聯誼活動
2,防止利益衝突是從事金融服務業職業道德的要項，關於利益衝突所謂之「利益」，若將利益分成財產上利益，及非財產上利益，下列何者屬非財產上的利益？,3,汽車及房子,現金、存款、外幣、有價證券,利用公司資源，進而獲取跳槽機會,具有經濟價值或得以金錢交易取得之利益
2,金融從業人員辦理業務應防止利益衝突，下列所述何者為錯誤的？,3,應注意業務特性不同所造成之利益衝突,應注意不同部門資產移轉產生利益衝突,應注意部門間資訊可以無限制互相交流,應注意利益不當輸送
2,應如何建置利害關係人檔案？,2,隨便填填交差了事,應詳實提供資料並定期更新,稽核人員查到再提供,應參考其他同仁所填資料填寫
2,金融從業人員與客戶間辦理利害關係交易行為時，得採取何種措施？,1,告知利益衝突之情形並取得客戶書面同意,無須取得客戶之書面同意,不得拒絕接受有利益衝突之委託,應為公司積極爭取業務，接受委託
2,以下所述何者違反防止利益衝突？,3,資訊交互運用應注意內部資訊控管流程,信託專責部門應指派專人負責內部資訊控管流程,客戶信託財產內容得提供其他部門分析運用,共用營業設備應注意內部資訊控管流程
2,金融從業人員對於業務往來之公司，其董事、監察人或經理人無法以客觀及有效率的方式處理公務時：,1,應特別注意前述人員所屬之關係企業資金貸與或為其提供保證、重大資產交易、進(銷)貨往來之情事,隨意由前述人員進行私人利益輸送之交易,隨意由前述人員利用職務之便進行投機交易,隨意由前述人員利用各種管道進行洗錢交易
2,擔任公司之董事、監察人或經理人：,2,可使用公司之財產圖利自己,應避免圖私利之機會,以不正當之方法圖利自己,利用公司之財產圖利自己之親朋好友
2,金融服務業之董監事對與本公司有利害關係之交易，應採取下列何項原則辦理？,4,善良管理原則,公平競爭原則,專業原則,利益迴避原則
2,有關利益衝突，下列敘述何者為非？,2,個人投資如可能對公司產生利益衝突，應避免之,金融從業人員得隨時擔任同業之負責人，不須任何同意,利用公司資源發現屬於公司的機會，不得據為己有,不得接受客戶提供之優惠待遇
2,客戶利益優先及禁止不當得利是屬於下列何者原則？,2,公開原則,忠實義務原則,保密原則,能力原則
2,下列就金融從業人員之敘述何者為非？,4,與自身利益相關的業務應該迴避,因業務知悉公司股票將上漲，不可以事先買進,客戶的餽贈不能收受,只要對公司有益，所有法律規範可以先行放下
2,公司董事、監察人或經理人，對下列何種行為應予避免？,2,對於本身及客戶之資訊負有保密責任,透過使用公司資產、資訊或藉由職務之便以獲取私利,遵循法令規章,保護並適當使用公司資產
2,金融從業人員基於維護公司利益不應有何種表現？,4,知悉授信客戶財務狀況惡化，應立即告知主管，並加以妥善處理,當利率可能出現鉅幅波動而侵蝕公司獲利時，應主動告知主管,不得收受競爭對手之酬庸，以洩露公司內部機密,為了績效考量，隱瞞自身職務之缺失
2,金融服務業董事對董事會所列議案如有涉其本身利害關係致損及該公司利益之虞時，應採行下列何種措施？,1,自行迴避，不加入表決,加入表決,本身不加入表決，但代理其他董事行使其表決權,依其自由意志為之
2,若某項活動、利益或關係可能妨礙從業人員追求公司及客戶之最高利益行事之能力時，應保持警覺，此屬何種行為？,2,能力原則,防範利益衝突行為,客觀性原則,誠信原則
2,為避免與客戶之利益衝突，下列何者不正確？,2,於法律許可範圍內為客戶之利益執行專業判斷,視客戶之忠誠度再決定執行業務之程度,不受客戶忠誠與否之影響,不受個人利益、其他客戶利益或任何其他人意願之影響
2,金融從業人員處理某項業務時，若與公司之利益發生衝突應採取何種方式？,1,基於利益衝突原則應予以迴避,仍應繼續辦理,因對自己有利，更應加強爭取該業務,將該業務轉移給自己的配偶來執行
2,金融從業人員辦理全權委託業務應遵守事項，下列敘述何者有誤？,4,應公正對待客戶避免糾紛之發生,應確實瞭解客戶之財務狀況,應確實瞭解客戶投資需求及承擔潛在損失的能力,可利用客戶資料為自己謀取利益
2,有關金融從業人員辦理全權委託業務，下列敘述何者有誤？,4,不得與客戶約定分享利益或共同承擔損失,不得利用客戶帳戶或名義為自己從事交易,不得利用他人或自己名義供客戶從事交易,得任意對外發表客戶資料
2,有關金融從業人員辦理全權委託業務，下列敘述何者正確？,1,應避免利益衝突,得與客戶約定分享利益,得對外任加討論客戶資料,得將已成交之買賣委託，由委任人名義改為其他第三人
2,下列關於金融從業人員辦理投資型金融商品推介或銷售業務時，應遵守之事項何者有誤？,1,可與客戶約定分享利益或共同承擔損失,應妥為保管客戶資料,應避免不當銷售或推介之行為,不可利用客戶帳戶或名義為自己謀取不當利益
2,為維持市場交易之公平性，金融從業人員可否利用公司內部資訊擅自為自己或相關人員進行交易而謀取利益？,2,可以,不可以,客戶同意即可,視交易金額高低而定
2,下列何者不符合投信管理基金的利益衝突處理原則?,2,管理一個以上基金的經理人，不得對同一支股票及具有股權性質之債券，有同時或同日作相反投資決定,公司進行自有資金交易時，應優先執行基金買賣，並以利於公司之成交價格分配予客戶,經手人員知悉公司管理基金或全權委託帳戶為同一種股票或其衍生性商品的交易時，不得於該買賣前後7個營業日內進行個人交易,經手人員買入某種股票及具股權之衍生性商品須持有至少30日
2,依據投信投顧公會會員自律公約，會員對其與客戶間或不同客戶之間的利益衝突情事，處理原則為?,1,應避免之,以口頭約定作為依據,以多數客戶之利益為依據,以損益標準作為處理原則
2,發發公司向全權委託經理人張三表示，如果該公司的全權委託績效報酬三個月內成長兩成，將免費提供其使用在林口高爾夫球場的公司會員證為期一個月。三個月後發發公司的委託資金代操績效如期成長達到了兩成，張三應該：,4,不顧公司主管反對，仍執意接受該邀約,未向公司報告逕自接受該邀約,接受該邀約，因為這不是金錢餽贈,應拒絕，並依公司所訂規範辦理
2,基金銷售時有關贈品之規範為何？,2,可以送贈品,不可以送贈品,可以送贈品但不能超過新台幣200元,無規範
2,圓滿投信招待光明證券新竹分公司人員五天四夜泰國之旅作為基金銷售目標達成之獎勵，請問是否可行？,2,可以接受，因為非金錢報酬,不能接受,經主管機關核准即可,向分公司主管報備即可
2,金融從業人員從事保險業務招攬後，擅自將所蒐集客戶之個人資料，轉交給第三人，該行為如何？,4,正常行為,異常行為,適法行為,違法行為
2,金融從業人員得否蒐集或利用他人個人資料？,4,不可以,視情況而定,可以,可以，但須依相關法規辦理
2,金融從業人員於業務上獲取客戶之個人資料，應以何種態度面對？,1,不得隨意直接或間接對第三人洩露,只要非出於故意之揭露，即無庸負責,以漠不關心態度面對,基本資料可以洩露無妨
2,金融從業人員對於客戶資料之維護，應如何處理才算適當？,2,客戶特別叮嚀時再注意就好,應盡善良管理人之注意義務,可用以換取利益,視與客戶關係而定
2,金融從業人員對於經手業務所得知之客戶訊息，應抱持如何態度始屬適當？,3,可在市場上交換獲取利益,反正我不洩露，別人也會洩露,本於職業道德，應予維護,視狀況而定
2,金融服務事業基於金控共同行銷策略：,2,不須經客戶同意，可將客戶之基本資料、財務資料相互利用,必須經客戶同意，方可將客戶之基本資料、財務資料相互利用,若未經客戶同意，僅可將客戶之基本資料相互流利用，財務資料不可利用,若未經客戶同意，僅可將其客戶之財務資料相互流利用，基本資料不可利用
2,當金融從業人員知悉客戶未經授權利用他人名義從事商品交易時：,3,應接受其委託並為其保守秘密,在客戶承諾補具授權書的情況下，先接受其委託進行交易,拒絕接受其委託進行交易,可有條件地接受其委託進行交易
2,金融服務業對於其客戶個人資料之處理方式，何者敘述有誤?,2,依照個人資料保護法辦理,可放置公開場所，以便其他同仁隨時連絡服務,須經客戶同意，方可將客戶之基本資料、財務資料通用,資訊人員應對客戶資料具保密之義務
2,金融從業人員應本保密原則，忠實執行業務，何者敘述有誤?,3,可提供客戶委託之事項予依法進行調查之主管機關或檢調單位,如經客戶同意，可將客戶之基本資料、財務資料互為通用,可為了保護個人隱私，以非真實姓名從事金融商品交易分析,未能出示身分證明文件者，可拒絕就其個人資料申請查詢
2,金融服務業之委任客戶A君之配偶，若未經授權要求提供A君之買賣報告書供其參考：,1,不可提供A君之買賣報告書給其配偶,可提供A君之買賣報告書給其配偶,需A君之配偶填寫申請書並簽名才可以提供,僅能陪同A君之配偶現場閱覽
2,證券商之從業人員，如發現公司內部有違反法令規章或職業道德之情事時，下列何者是最好的作法？,3,與自己沒有利害關係，假裝沒有看到,私下告訴同業的朋友,立刻向公司總經理或董事長或其他適當人員呈報,直接向檢調機關檢舉
2,關於證券之從業人員職業道德行為之保密規範，下列敘述何者為非？,2,未經主管機關同意，不得對執行職務無關之人洩漏主管機關金融檢查報告,出席公司股東會領取該公司議事手冊或年報,不得洩漏或交付依洗錢防制法規定向法務部調查局申報疑似洗錢交易案件相關資料,證券商對於非應依法令所為之查詢，不得洩漏客戶委託事項及其他業務上所獲悉之秘密
2,金融從業人員辦理業務應予保密，下列何者為非?,4,客戶資料,商品機密,公司業務機密,業務簡介
2,金融從業人員辦理業務對客戶資料之保密，以下何者為非？,1,客戶基本資料無須保密,客戶帳務資料應予保密,客戶信用資料應予保密,客戶投資及保險資料應予保密
2,為保護客戶資料，以下措施何者是錯誤的？,3,應使用安全的軟硬體設備以安全傳輸,應建立防火牆機制防止非法存取,應限制客戶登錄公司網站,應依業務權責限制使用資料人員
2,金融從業人員使用客戶資料於第三人間交互運用，應如何處理？,3,可以直接使用,應經客戶口頭同意,應經客戶書面同意,應經客戶事後同意
2,金融從業人員使用公司機密文件，以下何者有誤？,2,如非必要應儘量免用或減少副本,機密文書誤繕誤印之廢紙應予回收再利用,非經權責主管人員核准，不得攜出辦公處所,會議使用之機密資料，會議結束應當場收回
2,金融從業人員受託管理客戶財產時應注意保密事項，以下何者是錯誤的？,3,管理決策執行過程應保守秘密,受託交易之執行應保守秘密,受託操作績效佳之交易決策應供自營部位參考,管理決策與交易之執行嚴禁洩露或不當使用
2,公司委任第三人處理相關事務，受任第三人應注意下列保密事項，何者為錯誤？,1,客戶資料得提供關係企業促銷業務,客戶資料不得外洩,客戶資料不得不當利用,客戶資料之使用應建立內部控制機制
2,以下所述有關客戶資訊之使用，何者是錯誤的？,2,於公司內部應設置防火牆防止資訊外洩,為提高業務績效，得提供予非相關業務人員使用,拒絕提供予其他非辦理業務人員使用,應適當監管以防止客戶之資訊不當交流或不當共用
2,妥慎保管客戶資料，確認與客戶相關資料及客戶隱私之保密性，屬下列何項原則？,1,保密原則,能力原則,資訊公開原則,客觀性原則
2,金融從業人員對於客戶之相關資料：,4,可任意放置,可隨便公開,不須保密,確實保密
2,所謂保密原則，下列何者為非？,3,對存款人的法定代理人不必保密,客戶的住址資料必須保密,存款餘額100萬元以上才須保密，100萬元以下請示主管即可,保密對象包含駐守銀行的警察
2,若有第三人欲索取當事人之帳戶資料，何者為非？,2,須經當事人書面同意方可為之,須主動積極提供之，以表現金融從業人員之熱誠,經當事人之法定代理人書面同意方可為之,依保密原則，可直接拒絕對方之要求
2,身為金融從業人員不得有下列何種行為？,3,對客戶委託交易事項嚴加保密,對職務上所知悉之秘密，盡其保密之責,對外散播誇大、偏頗或不實之訊息，有礙金融市場之穩定,對於所擁有、使用、管理或交易之紀錄資料保持合理之正確性及完整性
2,金融從業人員對於客戶的資料，應如何處理？,1,予以保密,未經客戶同意，提供給關係企業做行銷,告知同事給予參考,讓其他客戶瞭解
2,金融從業人員得知客戶個人資料，應如何處理？,1,予以保密,可用於私人用途,販售給非法單位,隨意揭露給他人
2,金融從業人員在公共場所不得有之行為：,1,談論公司重要機密,談論國家大事,談論藝文趣事,談論個人未來計畫
2,金融從業人員為客戶辦理財富管理，對客戶本身的資產、各項資料及隱私都應該妥慎保管不得洩露或不當使用，以符合下列何種原則？,2,利益衝突原則,保密原則,禁止原則,告知原則
2,妥善保管客戶資料，確保客戶相關資料及客戶隱私之保密性，是屬下列哪一原則之表現?,2,守法原則,保密原則,能力原則,誠信原則
2,金融從業人員對客戶之資料，應盡到如何之注意義務？,4,刑法第十三條過失之注意義務,自己之事務之注意義務,受僱人之注意義務,善良管理人之注意義務
2,金融從業人員對經辦業務所取得之客戶資料，下列行為何者是正確的？,4,可販售予第三人,不可販售予其他客戶，但可以跟其他同業交換,可提供給自己親友開設的公司參考,除法律另有規定外，應保守秘密
2,下列有關金融從業人員對於客戶資料之陳述，何者為是？,2,得對外任加討論,不得任意對外發表,得對無權過問之同仁洩漏,沒有保密的之義務
2,金融從業人員對於客戶資料處理方式，下列何者為正確？,3,得提供他人使用,得向他人出售、洩露,不得出售或提供他人使用,可與同業交換使用
2,下列就金融從業人員對客戶資料之保密原則的陳述何者正確？,3,不得透露予依法所進行調查行為之主管機關或司法人員,不得透露予公司指定之授權人員,應妥慎保管客戶資料,提供關係企業進行業務促銷
2,金融從業人員從事保險業務招攬時，主張保險利益原則，主要是防止什麼危險發生？,4,政治危險,倫理危險,職業危險,道德危險
2,無行為能力或限制行為能力之人申請登錄保險業務員下列處理何者正確？,2,可予登錄,不予登錄,經特准可予登錄,可自由決定登錄
2,有重大喪失債信情事尚未了結或了結後尚未逾三年之已登錄保險業務員，應作何處置？,2,維持登錄,若申請登錄，應不予登錄；已登錄者，所屬公司應通知各有關公會註銷登錄,撤銷或維持登錄均可,經允許可維持登錄
2,金融從業人員於執行業務時，下列敘述何者正確?,1,不得同意或默許他人使用自己之名義執行業務,經主管要求，得同意他人使用自己之名義執行業務,為公司業績考量，得默許他人使用自己之名義執行業務,未考取執照前，得借用其他業務員名義執行業務
2,金融從業人員為了吸引並留住客戶：,1,應自我充實，提供專業服務,可以毀損其他同業商譽,可以惡性殺價，與同業競爭,可以幫客戶代墊款項
2,金融服務業及其受僱人員，下列敘述何者有誤?,4,對客戶不得有背信、詐欺或侵害客戶權益之行為,不得非法動支或挪用客戶資金,不得為業務之招攬，而為誇大不實、偏頗之廣告宣傳,為招攬業務，得與客戶約定分享利益或共同承擔損失
2,下列何者為金融從業人員應有的職業道德?,1,對於內部業務人員之違規事件，應主動向主管報告,對於內部業務人員之違規事件，應代為掩護以維持同事情誼,對於內部業務人員之違規事發暗自竊喜並落井下石,對於同業之違規應大加韃伐，自家公司違規則無所謂
2,關於金融服務業之敘述，下列何者為非?,2,得秉持誠信公平原則，儘速處理交易糾紛,得從事地下金融活動以牟取客戶及公司之最大利益,得確實遵守洗錢防制法及相關規定,得建立完備的內控內稽制度並確實執行
2,金融從業人員應確實遵守法令規範，如有觸法經主管機關發函要求暫停職務者，則下列行為何者適當?,2,為不影響客戶權益，照常執行業務,依法暫停執行業務並自我改進,借用其他業務人員之名義執行業務,以未收到發函為藉口，拒絕暫停執行業務
2,金融從業人員於執行工作時，如發現其他人員有不法情事，何者敘述適當?,1,應向主管報告，不得直接處理,基於保密原則，假裝若無其事,當機立斷，直接請其改正,與其交換條件，牟取自身利益
2,對於一個證券或金融從業人員而言，下列何者為最重要的因素？,2,服裝儀容,職業道德,人脈,家世背景
2,證券商之業務人執行務應本誠實及信用原則，下列何者是其本於職業道德而不得有之行為？,1,約定與客戶共同承擔買賣有價證券之交易損失，而從事證券買賣,對於客戶買賣證券之委託成交立刻回報,客戶開戶時必須向客戶說明契約內容的重要事項,以公司及業務人員之名義接受客戶委託買賣證券
2,下列何者不是證券商及其從業人員執行業務關於職業道德的行為規範？,2,執行業務避免利益衝突,下班後與親朋好友或同學餐敘,不洩露公司及客戶的機密資料,遵照法令及公司管理規章的規定執行業務
2,如何判斷證券商的業務人員是否具有職業道德？,2,持有多種證券、期貨、或銀行、保險的專業證照,不論是否執行業務或在何時何地，均能遵守法規與自律原則,擁有高額的營業業績並領取高額的營業獎金,擁有廣闊的政商及人際關係
2,資本市場是信用市場，市場參與者相互間的信用是市場存在的基礎及價值，因此，證券交易法對於破壞市場信用的行為，通常會處以最嚴厲的處分，下列何者不屬於破壞市場信用的行為？,3,內線交易,人為操縱股價,員工加班不依法給加班費,有價證券之募集、發行、私募或買賣有虛偽、詐欺或其他足致他人誤信之行為
2,下列何者非為充實與增進證券及金融業務人員專業的作法？,1,參加軍事訓練,參加公司內部舉辦或外部專業機構辦理之職前訓練,持續定期參加公司內部舉辦及外部專業機構辦理之在職訓練,各種相關證券及金融業專業證照之取得
2,有關人員資格之規定，以下所述何者為錯誤的？,1,信託業僱用業務人員雖未符合資格得予試用,信託業僱用新員工時應考量是否具有資格,信託業應取得新進員工符合資格證明文件,未符合相關資格不得調派擔任信託業務人員
2,以下何者非屬自律範圍？,1,核准營業項目,廣告自律規範,客戶申訴調處辦法,訂定各業自律公約
2,違反會員自律公約之處置，下列何者為非？,1,先請示主管機關，核准後再處置,由各業公會依規定辦理,依自律公約規定處分,處分報經各公會理事會決議後執行並報知主管機關
2,違反會員自律公約之處分，以下何者為非？,4,處以違約金,停止其應享有之部分或全部權益,責令會員對其所屬人員為適當之處分,終止會員營業執照
2,金融從業人員基於職務關係而獲悉與業務相關，但尚未公開之重大消息時，應如何處理?,3,可事前散發消息給客戶,只洩露給親朋好友,不得為自己、客戶、其他第三人利用該未公開之重大消息獲利,自己私下獲利
2,金融從業人員應遵守守法原則，故：,2,可從事內線交易,不得有違反或幫助他人違反法令之行為,可洩露客戶資料,可違反相關規定
2,下列何者不屬於洗錢防制法所稱金融機構？,3,票券金融公司,證券集中保管事業,人力銀行,信用卡公司
2,金融從業人員在工作場所，下列何者行為不在限制範圍內？,2,恐嚇,合作,歧視,騷擾
2,金融從業人員之職業道德不包含下列何者？,3,保護公司資產,保守客戶秘密,個人利益至上,誠信、客觀
2,何者為金融從業人員應有之表現？,1,知悉公司有重大舞弊案件，應循正當管道向上級通報,從事不當授信、涉及嚴重違反授信原則之業務,知悉公司財務及業務重大缺失，未向公司內部稽核部門報告,為自己或第三人不法之利益，損害公司之利益
2,身為金融從業人員應共同信守基本之職業道德不包括下列何者？,3,守法原則,誠實原則,主觀性原則,保密原則
2,金融從業人員之自律行為何者為非？,2,未經許可，不得在公司工作時間內，兼任公司以外之任何職務,對於公司各項文件、函電、簿冊、圖表、典章制度、公物等，得以攜出並對外談論,對職務上所獲悉之任何未經公司同意公開之營業資訊負有絕對保密義務,非經主管許可，不得擅自對外發表任何有關公司業務之意見
2,金融服務業內部應加強宣導職業道德觀念，並且鼓勵員工於懷疑或發現有人違反法令規章或道德行為準則時之處理，下列何者不適當？,1,隱忍不報,向監察人報告,向經理人報告,向內部稽核主管報告
2,關於金融服務業從事授信業務之規範，下列敘述何者有誤？,4,對於授信客戶，應本公平誠信及權利義務對等原則，將有關約定事項訂明於契約並告知之,對授信案件應力求公正客觀並兼顧自身利益與社會公益,對人員之晉用應循正當途徑延攬，並長期有計畫培訓，以充實專業知識，並提高素質,為保障自身利益，對授信客戶重大不良訊息不宜互相通報
2,欲從事未經主管機關核定之業務時，應如何辦理？,4,報請公會備查後辦理,俟呈報董事會通過後辦理,經股東大會通過後即可辦理,經主管機關核准後方得辦理
2,金融相關從業人員之資格條件，下列何項不在優先考慮範圍之內?,4,品德,專業,相關經驗,性別
2,金融從業人員於尚未符合相關人員資格時：,3,可經辦各項業務,代理經辦相關業務,不得經辦相關業務,於能力範圍內，仍可執行相關業務
2,關於金融從業人員之道德規範，下列敘述何者為正確？,4,因為自身的安危，即使知道直屬主管違反法規也不能越級報告,為了同事間和諧的氣氛，我應該將同事私下向客戶收受回扣的事保密,雖然金融從業人員必須保守客戶的秘密，但若家人需要，可以透露一些無所謂,對於客戶的無禮要求，仍然必須依公司規定辦理
2,金融從業人員基於職務之故而獲悉與業務相關尚未公開之重大消息時，應如何處理？,3,利用所得之資訊為自己取得最佳之利益,將該未公開資訊提供給自己的客戶，以牟取利益,基於職業道德規範，重大消息未公開之前不應利用該資訊獲取利益，且資訊之運用須符合法令規定,利用此未公開資訊為自己、客戶或自己的親友作內線交易以獲取利益
2,近年來隨著對公眾利益的保護增加，從業人員除應遵守相關法律規範外，另有何種規範相應而生並隨之增加，其旨在藉由本業自我約束力量使市場秩序更臻完善?,1,自律規範,作業標準,罰款,擔保
2,金融從業人員在自己的工作領域中，應：,3,專注自己及他人之升遷,不參加公司的教育訓練,不斷加強自己的專業知識,不涉獵本業以外之相關知識
2,道德行為規範適用之事業體為何？,4,限於上市櫃公司,限於金融產業,限於營利事業,各種事業體均得適用
2,各公司道德行為準則規範之適用層級何者正確？,4,董事長,總經理層級以上,部門主管以上,有為公司管理事務及簽名權利之人
2,對於金融從業人員之行為，下列何者為非？,2,不應利用公司內部資訊為自己謀取利益,可與客戶約定分享利益或共同承擔損失,不可利用客戶帳戶或名義為自己從事交易,不可將他人或自己帳戶供客戶從事交易
2,信用卡發卡機構之行銷人員從事下列行為何者不正確？,1,自行勾選未經客戶同意申請之卡片,確認客戶申請之卡片,確認客戶資料無誤才送件,確認申請人本人身分，以免冒名申請
2,銀行辦理催收業務時，下列敘述何項為非？,4,不得違反公共利益,僅能對債務人本人及其保證人催收,應有保密之義務,得對非債務之第三人干擾或催討
2,有關金融從業人員辦理衍生性金融商品業務應遵守事項，下列敘述何者有誤？,4,應提供客戶有關商品之產品內容、交易條件及特性,應說明客戶投資本商品可能之預期收益,應於交易契約中揭示可能發生之風險，對客戶善盡風險告知義務,可與客戶約定分享利益或共同承擔損失
2,下列關於金融從業人員辦理投資型金融商品推介或銷售業務時，下列應遵守之事項何者有誤？,3,依據客戶風險之承受度提供客戶適當之商品,避免不當銷售或推介之行為,不可販售客戶資料，惟可提供給自己親友開設的公司參考,廣泛了解客戶之家庭背景、生涯規劃
2,金融從業人員辦理徵信工作，以下敘述何者有誤？,2,徵信人員應依誠信公正原則，辦理徵信工作,為謀徵信工作迅速完成，徵信單位對於經常往來客戶，毋需再辦理徵信,徵信人員對徵信資料應依法嚴守秘密,辦理徵信，除另有規定外，應以直接調查為主，間接調查為輔
2,投顧事業業務廣告如違反相關規範，投信投顧公會應進行查證，對於涉有違反規範之情事者將如何處理？,4,提證期局審議,提消保會議處,直接報金管會,提公會自律委員會審議
2,以下哪一行為不違反投信投顧會員自律公約？,4,基金經理人接受客戶旅遊招待,證券分析人員根據未公開訊息做出投資建議,新進的全權委託經理人依據報載及從友人同事處所得訊息管理代操資金,以在投信投顧公會登記的名稱進行業務招攬，並提供公司經主管機關核准之營業執照字號
2,下列何者不違反投信投顧公會會員自律公約？,2,向上市公司募集基金，並將經理之基金投資於該上市公司股票,不洩露所管理的基金委任事項的相關資訊,向上櫃公司募集基金，且承諾將該資金投資於該上櫃公司服票,在未經核准前，接受客戶預約認購基金
2,吳自強是一位證券分析人員，他從上市公司ABC的員工處得知ABC產品設計發生重大瑕疵，並且主要客戶因此已經取消大部分的訂單。吳自強發現該消息尚未公佈，吳自強應該：,1,立即向公司指定人員或部門提出書面報告,透露消息給報章雜誌媒體,依據公平公正原則通知所有客戶,通知親朋好友放空該ABC公司股票
2,為了保護金融消費者權益，讓金融消費爭議能公平、合理、有效的處理，下列何者是最重要且為金融業務整合性的專業法律？,1,金融消費者保護法,消費者保護法,個人資料保護法,證券投資人及期貨交易人保護法
2,下列何者是屬於金融消費者保護法所謂的金融消費爭議，而受金融消費者保護法的保護？,2,金融消費者與金融服務業間因商品或服務所生之刑事爭議,金融消費者與金融服務業間因商品或服務所生之民事爭議,金融消費者與金融服務業間因商品或服務所生之刑事及民事爭議,金融消費者與金融服務業間所生之任何爭議
2,下列何者為受金融消費者保護法保護之接受金融服務業提供金融商品或服務的金融消費者？,3,專業投資機構,符合一定財力或專業能力之自然人或法人,前述兩項以外的一般自然人或法人,任何接受金融服務業提供金融商品或服務之金融消費者
2,依證券交易法規定，證券商非加入證券商同業公會不得開業，而加入證券商同業公會必須簽署會員自律公約並承諾共同信守之。證券商經營有價證券經紀業務，下列何者不是應共同信守的基本要求?,4,不得散布不實資訊，誤導投資大眾,不得策動他人聯手炒作股票,不得從事非法之股票仲介交易,散播不實言論，中傷其他會員
2,為公平合理、迅速有效處理金融消費爭議，以保護金融消費者權益，下列何者為依金融消費者保護法設立之金融消費爭議處理機構？,2,財團法人證券投資人及期貨交易人保護中心,財團法人金融消費評議中心,財團法人中華民國證券暨期貨市場發展基金會,行政院消費者保護會
2,依證券交易法規定，證券商非加入證券商同業公會不得開業，而加入證券商同業公會必須簽署會員自律公約並承諾共同信守之。證券商經營有價證券經紀業務，下列何者不是應共同信守的基本要求?,1,對客戶提供、揭露之資訊可依客戶之重要程度而有特殊不同之待遇,應主動發掘或舉發內部業務人員之違規事件﹔對同業之違規行為，若知情者，亦應主動檢舉,應盡協助維護市場交易秩序及防杜不法交易之義務,應落實洗錢防制注意事項及徵信制度
2,證券商業務人員辦理衍生性金融商品交易業務，於交易相對人要求確認其身分時，應如何處理?,2,請客戶自行打電話給公司確認,應配合出示身分證明文件或識別證件,立刻報警處理,不予理會，要辦不辦隨客戶便
2,財團法人金融消費評議中心對金融服務業與金融消費者間之金融消費爭議所作出的評議決定書，經送經法院核可者，其法律效力如何？,1,與民事確定判決有同一之效力,金融服務業與金融消費者事後可再進行協商,金融服務業得就該事件再次申請評議,金融服務業事後後悔，可不接受評議決定
2,下列何者是證券商之業務人員執行業務符合法令規定之行為?,2,與客戶約定替其操作股票，且每獲利達特定額度即可進行分潤,不代客戶保管存摺、印鑑、蓋妥章之空白取款條,辦理上市承銷案之詢價圈購配售作業，利用他人帳戶認購上開股票，並於上市首5日賣出,為避免客戶發生違約交割，代為媒介他人借貸所需款項，以便交割
2,金融服務業對金融消費者進行金融教育宣導，下列敘述何者為正確？,1,不得引薦個別金融商品或服務,對金融消費者說金融商品或服務已獲主管機關核准或備查所以保證安全無虞,對應經而未經主管機關核准或備查之金融商品或服務預為宣傳促銷,使用能保證本金之安全或保證獲利之文字或訊息內容
2,金融服務業從事廣告、業務招攬及營業促銷活動，下列敘述何者不是正確的作法？,3,應訂定宣傳資料製作規範與散發公布之控管流程,宣傳資料於對外使用前，應按業務種類，先行審核,全權交付廣告公司處理就可以，有問題由廣告公司負全責,應先確認內容無不當、誤導金融消費者、違反法令後始得對外使用
2,金融服務業所提供之金融商品或服務，下列何者不屬於金融消費者保護法所稱之投資型金融商品或服務？,3,信託業辦理特定金錢信託業務或特定有價證券信託業務，受託投資國內外有價證券、短期票券或結構型商品,受託買賣非集中市場交易且具衍生性商品性質之外國有價證券業務,受託買賣國內集中交易或櫃檯買賣市場之黃金業務及銀行辦理與客戶間之黃金現貨買賣及保管業務,證券投資信託基金及境外基金
2,證券商之業務人員執行業務應本誠實及信用原則，下列何者是其本於職業道德而不得有之行為?,1,知悉客戶有利用公開發行公司尚未公開而對其股票價格有重大影響之消息或有操縱市場行為之意圖，而拒絕接受委託買賣,辦理有價證券承銷業務之人員與發行公司或其相關人員間有獲取不當利益之約定,向客戶或不特定多數人提供某種有價證券將上漲或下跌之判斷,向不特定多數人推介買賣特定之股票
2,政府為更積極保護證券投資人，訂定多種專業法律，請問下列何者不屬於此種專業法律？,2,證券交易法,組織犯罪防制條例,金融消費者保護法,證券投資人及期貨交易人保護法
2,金融服務業在向金融消費者說明金融商品或服務契約之重要內容及揭露風險，下列何者不是應遵守的基本原則？,3,應本於誠實信用原則，並以金融消費者能充分瞭解之文字或其他方式為之,任何說明或揭露之資訊均須應正確完整，不得有虛偽、詐欺、隱匿或其他足致他人誤信之情事,應以達到業績目標為最高指導原則,銷售文件之用語應以中文表達並力求淺顯易懂，必要時得附註原文
2,證券商經營業務應以公平、合理之方式為之，不得以不合理之收費招攬或從事業務，其收取費用應考量下列何種因素:,1,應考量相關營運成本、交易風險、合理利潤及客戶總體貢獻度等因素,鑒於市場競爭激烈，為順利爭取到業務，不必多考慮公司的營運成本及獲利,應考量競爭同業收費情形，殺價跟進招攬客戶，爭取業務,任由證券商營業主管或營業人員自行決定
2,老李至公務機關接洽業務時，下列敘述何者正確？,4,花錢要求加快申請案件審理，沒有要求公務員違背職務，並不違法,唆使公務機關承辦採購人員配合浮報價額，僅屬偽造文書行為,口頭允諾行賄金額但還沒送錢，尚不構成犯罪,與公務員同謀之共犯，即便不具公務員身分，仍會依據貪污治罪條例處刑
2,公司在申請案件本身合乎規定之情形下，僅為縮短辦理時程而對公家機關承辦公務員贈送高價禮品，是否合法？,2,基於人情世故不構成違法,構成不違背職務行賄罪,構成違背職務行賄罪,送禮均不構成違法送錢才違法
2,與公務機關有業務往來構成職務利害關係者，下列敘述何者正確？,1,將餽贈之財物請公務員配偶代轉，該公務員亦已違反規定,與公務機關承辦人飲宴應酬為增進基本關係的必要方法,高級咖啡豆低價售予有利害關係之承辦公務員，有價購行為就不算違反法規,機關公務員藉子女婚宴廣邀業務往來廠商之行為，並無不妥
2,行（受）賄罪成立要素之一為具有對價關係，而作為公務員職務之對價有「賄賂」或「不正利益」，下列何者不屬於「賄賂」或「不正利益」？,4,招待至溫泉飯店住宿泡溫泉,介紹工作,免除債務,開工邀請觀禮
2,小張因案件申請業務至主管機關洽公，下列敘述何者正確？,2,適逢農曆春節前夕，基於傳統禮俗應購買高價禮品贈與承辦人員,應備妥相關文件，依主管機關規定程序申請,洽公時間延誤承辦人員午休時間，為避免失禮，應請承辦人吃飯,事前送禮是違法行賄，但事後餽贈是為表達感謝，並無不可
2,有關向公務機關「請託關說」行為之敘述，下列何者不正確？,3,請託關說是指其內容涉及機關業務具體事項之決定或執行，且因該事項之決定或執行致有不當影響特定權利義務之虞者,要求制訂徇私之特殊規格，以利取得獨家議價權利，進而藉機獲取利益是違法之請託關說,請民意代表向機關爭取採購標案，是選民服務的一種，並非請託關說,不當請託關說有可能涉及刑事責任
2,下列何者不屬公務員廉政倫理規範禁止公務員收受之「財物」？,3,高爾夫球場會員證,旅宿業者公關票,公司印製之月（年）曆,農特產禮品
2,貪污治罪條例所稱之「賄賂或不正利益」與公務員廉政倫理規範所稱之「餽贈財物」，其最大差異在於下列何者之有無？,4,競合關係,吸收關係,隸屬關係,對價關係
2,客觀上有行求、期約或交付賄賂之行為，主觀上有賄賂使公務員為不違背職務行為之意思，即所謂？,2,違背職務行賄罪,不違背職務行賄罪,圖利罪,使公務員登載不實罪
2,請問下列有關受理檢舉機關對於檢舉人保護之說明，何者不正確？,4,政府訂有「獎勵保護檢舉貪污瀆職辦法」，明訂對檢舉人之保護,受理檢舉之機關對於檢舉人之姓名、年齡、住所或居所有保密義務,對於檢舉人之檢舉書、筆錄或其他資料，除有絕對必要者外，應另行保存，不附於偵查案卷內,如有洩密情事，洩密人員雖不涉刑事責任，但有民事損害賠償責任
2,檢舉人向有偵查權機關或政風機構檢舉貪污瀆職，必須於何時為之始可能給與獎金？,2,犯罪未起訴前,犯罪未發覺前,犯罪未遂前,預備犯罪前
2,為建立良好之公司治理制度，公司內部宜納入何種檢舉人制度？,2,告訴乃論制度,吹哨者（whistleblower）管道及保護制度,不告不理制度,一事不兩罰制度
2,因檢舉同一貪污瀆職案件，最高獎金以新臺幣多少元為限？,4,100萬,300萬,500萬,1000萬
2,檢舉人應以何種方式檢舉貪污瀆職始能核給獎金？,3,匿名,委託配偶檢舉,以真實姓名檢舉,以他人名義檢舉
2,受理檢舉機關之承辦公務員，洩漏貪污瀆職案件檢舉人之資料，最可能觸犯何罪？,2,背信罪,洩漏國防以外秘密罪,公務員登載不實罪,湮滅刑事證據罪
3,下列何者不屬於衍生性金融工具？,3,期貨契約,選擇權,公司債,遠期契約
3,對投資人而言，下列何者屬於可分散風險？,1,甲公司主動為員工全面加薪增加成本,英國脫離歐盟,貨幣供給額的變動,法定正常工時由「每2週84小時」縮減為「每週40小時」
3,所謂總體經濟分析，「不」包括下列哪項？,4,利率,物價,匯率,公司接單情形
3,債券價格上漲的原因可能為：,1,市場資金大幅寬鬆,流動性下降,發行公司債之公司信用評等下降,違約風險提高
3,下列哪種產業較不屬於利率敏感產業？,3,銀行業,營建業,食品業,保險業
3,何謂徵求委託書？,4,係以利益交換委託書，代理出席股東會之行為,係受股東之主動委託取得委託書，代理出席股東會之行為,係向股東收購取得委託書，代理出席股東會之行為,係以公告、廣告、牌示、廣播、電傳視訊等方式取得委託書，藉以出席股東會之行為
3,證券集中交易市場盤中零股交易買賣成交順序為：,4,採時間優先原則,證券自營商最先成交,證券經紀商最先成交,採價格優先原則，同價位者依時間優先原則決定
3,央行何種政策會使貨幣供給減少？,1,調升重貼現率,買回國庫券,調降存款準備率,抑制臺幣過度升值
3,報酬率之標準差主要衡量一證券之：,3,市場風險,非系統風險,總風險,營運風險
3,會計資訊應具備兩項基本品質特性為：,1,攸關性與忠實表述,重大性與一致性,時效性與一致性,一致性與比較性
